Entry	Source	Positiv	Negativ	Othtags	Defined
POSITIVE	Henry2008	Positiv			| No_Definition
POSITIVES	Henry2008	Positiv			| No_Definition
SUCCESS	Henry2008	Positiv			| No_Definition
SUCCESSES	Henry2008	Positiv			| No_Definition
SUCCESSFUL	Henry2008	Positiv			| No_Definition
SUCCEED	Henry2008	Positiv			| No_Definition
SUCCEEDS	Henry2008	Positiv			| No_Definition
SUCCEEDING	Henry2008	Positiv			| No_Definition
SUCCEEDED	Henry2008	Positiv			| No_Definition
ACCOMPLISH	Henry2008	Positiv			| No_Definition
ACCOMPLISHES	Henry2008	Positiv			| No_Definition
ACCOMPLISHING	Henry2008	Positiv			| No_Definition
ACCOMPLISHED	Henry2008	Positiv			| No_Definition
ACCOMPLISHMENT	Henry2008	Positiv			| No_Definition
ACCOMPLISHMENTS	Henry2008	Positiv			| No_Definition
STRONG	Henry2008	Positiv			| No_Definition
STRENGTH	Henry2008	Positiv			| No_Definition
STRENGTHS	Henry2008	Positiv			| No_Definition
CERTAIN	Henry2008	Positiv			| No_Definition
CERTAINTY	Henry2008	Positiv			| No_Definition
DEFINITE	Henry2008	Positiv			| No_Definition
SOLID	Henry2008	Positiv			| No_Definition
EXCELLENT	Henry2008	Positiv			| No_Definition
GOOD	Henry2008	Positiv			| No_Definition
LEADING	Henry2008	Positiv			| No_Definition
ACHIEVE	Henry2008	Positiv			| No_Definition
ACHIEVES	Henry2008	Positiv			| No_Definition
ACHIEVED	Henry2008	Positiv			| No_Definition
ACHIEVING	Henry2008	Positiv			| No_Definition
ACHIEVEMENT	Henry2008	Positiv			| No_Definition
ACHIEVEMENTS	Henry2008	Positiv			| No_Definition
PROGRESS	Henry2008	Positiv			| No_Definition
PROGRESSING	Henry2008	Positiv			| No_Definition
DELIVER	Henry2008	Positiv			| No_Definition
DELIVERS	Henry2008	Positiv			| No_Definition
DELIVERED	Henry2008	Positiv			| No_Definition
DELIVERING	Henry2008	Positiv			| No_Definition
LEADER	Henry2008	Positiv			| No_Definition
LEADING	Henry2008	Positiv			| No_Definition
PLEASED	Henry2008	Positiv			| No_Definition
REWARD	Henry2008	Positiv			| No_Definition
REWARDS	Henry2008	Positiv			| No_Definition
REWARDING	Henry2008	Positiv			| No_Definition
REWARDED	Henry2008	Positiv			| No_Definition
OPPORTUNITY	Henry2008	Positiv			| No_Definition
OPPORTUNITIES	Henry2008	Positiv			| No_Definition
ENJOY	Henry2008	Positiv			| No_Definition
ENJOYS	Henry2008	Positiv			| No_Definition
ENJOYING	Henry2008	Positiv			| No_Definition
ENJOYED	Henry2008	Positiv			| No_Definition
ENCOURAGED	Henry2008	Positiv			| No_Definition
ENCOURAGING	Henry2008	Positiv			| No_Definition
UP	Henry2008	Positiv			| No_Definition
INCREASE	Henry2008	Positiv			| No_Definition
INCREASES	Henry2008	Positiv			| No_Definition
INCREASING	Henry2008	Positiv			| No_Definition
INCREASED	Henry2008	Positiv			| No_Definition
RISE	Henry2008	Positiv			| No_Definition
RISES	Henry2008	Positiv			| No_Definition
RISING	Henry2008	Positiv			| No_Definition
ROSE	Henry2008	Positiv			| No_Definition
RISEN	Henry2008	Positiv			| No_Definition
IMPROVE	Henry2008	Positiv			| No_Definition
IMPROVES	Henry2008	Positiv			| No_Definition
IMPROVING	Henry2008	Positiv			| No_Definition
IMPROVED	Henry2008	Positiv			| No_Definition
IMPROVEMENT	Henry2008	Positiv			| No_Definition
IMPROVEMENTS	Henry2008	Positiv			| No_Definition
STRENGTHEN	Henry2008	Positiv			| No_Definition
STRENGTHENS	Henry2008	Positiv			| No_Definition
STRENGTHENING	Henry2008	Positiv			| No_Definition
STRENGTHENED	Henry2008	Positiv			| No_Definition
STRONGER	Henry2008	Positiv			| No_Definition
STRONGEST	Henry2008	Positiv			| No_Definition
BETTER	Henry2008	Positiv			| No_Definition
BEST	Henry2008	Positiv			| No_Definition
MORE	Henry2008	Positiv			| No_Definition
MOST	Henry2008	Positiv			| No_Definition
ABOVE	Henry2008	Positiv			| No_Definition
RECORD	Henry2008	Positiv			| No_Definition
HIGH	Henry2008	Positiv			| No_Definition
HIGHER	Henry2008	Positiv			| No_Definition
HIGHEST	Henry2008	Positiv			| No_Definition
GREATER	Henry2008	Positiv			| No_Definition
GREATEST	Henry2008	Positiv			| No_Definition
LARGER	Henry2008	Positiv			| No_Definition
LARGEST	Henry2008	Positiv			| No_Definition
GROW	Henry2008	Positiv			| No_Definition
GROWS	Henry2008	Positiv			| No_Definition
GROWING	Henry2008	Positiv			| No_Definition
GREW	Henry2008	Positiv			| No_Definition
GROWN	Henry2008	Positiv			| No_Definition
GROWTH	Henry2008	Positiv			| No_Definition
EXPAND	Henry2008	Positiv			| No_Definition
EXPANDS	Henry2008	Positiv			| No_Definition
EXPANDING	Henry2008	Positiv			| No_Definition
EXPANDED	Henry2008	Positiv			| No_Definition
EXPANSION	Henry2008	Positiv			| No_Definition
EXCEED	Henry2008	Positiv			| No_Definition
EXCEEDS	Henry2008	Positiv			| No_Definition
EXCEEDED	Henry2008	Positiv			| No_Definition
EXCEEDING	Henry2008	Positiv			| No_Definition
BEAT	Henry2008	Positiv			| No_Definition
BEATS	Henry2008	Positiv			| No_Definition
BEATING	Henry2008	Positiv			| No_Definition
NEGATIVE	Henry2008		Negativ		| No_Definition
NEGATIVES	Henry2008		Negativ		| No_Definition
FAIL	Henry2008		Negativ		| No_Definition
FAILS	Henry2008		Negativ		| No_Definition
FAILING	Henry2008		Negativ		| No_Definition
FAILURE	Henry2008		Negativ		| No_Definition
WEAK	Henry2008		Negativ		| No_Definition
WEAKNESS	Henry2008		Negativ		| No_Definition
WEAKNESSES	Henry2008		Negativ		| No_Definition
DIFFICULT	Henry2008		Negativ		| No_Definition
DIFFICULTY	Henry2008		Negativ		| No_Definition
HURDLE	Henry2008		Negativ		| No_Definition
HURDLES	Henry2008		Negativ		| No_Definition
OBSTACLE	Henry2008		Negativ		| No_Definition
OBSTACLES	Henry2008		Negativ		| No_Definition
SLUMP	Henry2008		Negativ		| No_Definition
SLUMPS	Henry2008		Negativ		| No_Definition
SLUMPING	Henry2008		Negativ		| No_Definition
SLUMPED	Henry2008		Negativ		| No_Definition
UNCERTAIN	Henry2008		Negativ		| No_Definition
UNCERTAINTY	Henry2008		Negativ		| No_Definition
UNSETTLED	Henry2008		Negativ		| No_Definition
UNFAVORABLE	Henry2008		Negativ		| No_Definition
DOWNTURN	Henry2008		Negativ		| No_Definition
DEPRESSED	Henry2008		Negativ		| No_Definition
DISAPPOINT	Henry2008		Negativ		| No_Definition
DISAPPOINTS	Henry2008		Negativ		| No_Definition
DISAPPOINTING	Henry2008		Negativ		| No_Definition
DISAPPOINTED	Henry2008		Negativ		| No_Definition
DISAPPOINTMENT	Henry2008		Negativ		| No_Definition
RISK	Henry2008		Negativ		| No_Definition
RISKS	Henry2008		Negativ		| No_Definition
RISKY	Henry2008		Negativ		| No_Definition
THREAT	Henry2008		Negativ		| No_Definition
THREATS	Henry2008		Negativ		| No_Definition
PENALTY	Henry2008		Negativ		| No_Definition
PENALTIES	Henry2008		Negativ		| No_Definition
DOWN	Henry2008		Negativ		| No_Definition
DECREASE	Henry2008		Negativ		| No_Definition
DECREASES	Henry2008		Negativ		| No_Definition
DECREASING	Henry2008		Negativ		| No_Definition
DECREASED	Henry2008		Negativ		| No_Definition
DECLINE	Henry2008		Negativ		| No_Definition
DECLINES	Henry2008		Negativ		| No_Definition
DECLINING	Henry2008		Negativ		| No_Definition
DECLINED	Henry2008		Negativ		| No_Definition
FALL	Henry2008		Negativ		| No_Definition
FALLS	Henry2008		Negativ		| No_Definition
FALLING	Henry2008		Negativ		| No_Definition
FELL	Henry2008		Negativ		| No_Definition
FALLEN	Henry2008		Negativ		| No_Definition
DROP	Henry2008		Negativ		| No_Definition
DROPS	Henry2008		Negativ		| No_Definition
DROPPING	Henry2008		Negativ		| No_Definition
DROPPED	Henry2008		Negativ		| No_Definition
DETERIORATE	Henry2008		Negativ		| No_Definition
DETERIORATES	Henry2008		Negativ		| No_Definition
DETERIORATING	Henry2008		Negativ		| No_Definition
DETERIORATED	Henry2008		Negativ		| No_Definition
WORSEN	Henry2008		Negativ		| No_Definition
WORSENS	Henry2008		Negativ		| No_Definition
WORSENING	Henry2008		Negativ		| No_Definition
WEAKEN	Henry2008		Negativ		| No_Definition
WEAKENS	Henry2008		Negativ		| No_Definition
WEAKENING	Henry2008		Negativ		| No_Definition
WEAKENED	Henry2008		Negativ		| No_Definition
WORSE	Henry2008		Negativ		| No_Definition
WORST	Henry2008		Negativ		| No_Definition
LOW	Henry2008		Negativ		| No_Definition
LOWER	Henry2008		Negativ		| No_Definition
LOWEST	Henry2008		Negativ		| No_Definition
LESS	Henry2008		Negativ		| No_Definition
LEAST	Henry2008		Negativ		| No_Definition
SMALLER	Henry2008		Negativ		| No_Definition
SMALLEST	Henry2008		Negativ		| No_Definition
SHRINK	Henry2008		Negativ		| No_Definition
SHRINKS	Henry2008		Negativ		| No_Definition
SHRINKING	Henry2008		Negativ		| No_Definition
SHRUNK	Henry2008		Negativ		| No_Definition
BELOW	Henry2008		Negativ		| No_Definition
UNDER	Henry2008		Negativ		| No_Definition
CHALLENGE	Henry2008		Negativ		| No_Definition
CHALLENGES	Henry2008		Negativ		| No_Definition
CHALLENGING	Henry2008		Negativ		| No_Definition
CHALLENGED	Henry2008		Negativ		| No_Definition
