Entry;Source;Positiv;Negativ
ABANDON;H4Lvd;;Negativ
ABANDONMENT;H4;;Negativ
ABATE;H4Lvd;;Negativ
ABDICATE;H4;;Negativ
ABHOR;H4;;Negativ
ABIDE;H4;Positiv;
ABILITY;H4Lvd;Positiv;
ABJECT;H4;;Negativ
ABLE;H4Lvd;Positiv;
ABNORMAL;H4Lvd;;Negativ
ABOLISH;H4Lvd;;Negativ
ABOMINABLE;H4;;Negativ
ABOUND;H4;Positiv;
ABRASIVE;H4;;Negativ
ABRUPT;H4Lvd;;Negativ
ABSCOND;H4;;Negativ
ABSENCE;H4Lvd;;Negativ
ABSENT#1;H4Lvd;;Negativ
ABSENT-MINDED;H4;;Negativ
ABSENTEE;H4;;Negativ
ABSOLVE;H4;Positiv;
ABSORBENT;H4;Positiv;
ABSORPTION;H4;Positiv;
ABSURD;H4Lvd;;Negativ
ABSURDITY;H4;;Negativ
ABUNDANCE;H4Lvd;Positiv;
ABUNDANT;H4Lvd;Positiv;
ABUSE#1;H4Lvd;;Negativ
ABUSE#2;H4Lvd;;Negativ
ABYSS;H4Lvd;;Negativ
ACCEDE;H4Lvd;Positiv;
ACCENTUATE;H4;Positiv;
ACCEPT;H4Lvd;Positiv;
ACCEPTABLE;H4Lvd;Positiv;
ACCEPTANCE;H4Lvd;Positiv;
ACCESSIBLE;H4;Positiv;
ACCESSION;H4;Positiv;
ACCIDENT;H4Lvd;;Negativ
ACCLAIM;H4;Positiv;
ACCLAMATION;H4;Positiv;
ACCOLADE;H4;Positiv;
ACCOMMODATE;H4Lvd;Positiv;
ACCOMMODATION;H4Lvd;Positiv;
ACCOMPANIMENT;H4;Positiv;
ACCOMPLISH;H4Lvd;Positiv;
ACCOMPLISHMENT;H4Lvd;Positiv;
ACCORD#2;H4Lvd;Positiv;
ACCORD#3;H4Lvd;Positiv;
ACCORD#5;H4Lvd;Positiv;
ACCORDANCE;H4Lvd;Positiv;
ACCOST;H4;;Negativ
ACCOUNTABLE;H4;Positiv;
ACCRUE;H4;Positiv;
ACCURACY;H4Lvd;Positiv;
ACCURATE;H4Lvd;Positiv;
ACCURATENESS;H4;Positiv;
ACCURSED;H4;;Negativ
ACCUSATION;H4;;Negativ
ACCUSE#1;H4Lvd;;Negativ
ACCUSE#2;H4Lvd;;Negativ
ACHE;H4;;Negativ
ACHIEVE;H4Lvd;Positiv;
ACHIEVEMENT;H4Lvd;Positiv;
ACKNOWLEDGEMENT;H4;Positiv;
ACQUAINT;H4Lvd;Positiv;
ACQUAINTANCE;H4Lvd;Positiv;
ACQUIT;H4;Positiv;
ACQUITTAL;H4;Positiv;
ACRIMONIOUS;H4;;Negativ
ACRIMONY;H4;;Negativ
ACTUAL#1;H4Lvd;Positiv;
ACTUAL#2;H4Lvd;Positiv;
ACTUALITY;H4Lvd;Positiv;
ADAMANT;H4;Positiv;
ADAPTABILITY;H4;Positiv;
ADAPTABLE;H4;Positiv;
ADAPTATION;H4;Positiv;
ADAPTIVE;H4;Positiv;
ADDICT;H4;;Negativ
ADDICTION;H4;;Negativ
ADEPT;H4Lvd;Positiv;
ADEPTNESS;H4;Positiv;
ADEQUATE;H4Lvd;Positiv;
ADHERENCE;H4Lvd;Positiv;
ADHERENT;H4;Positiv;
ADHESION;H4;Positiv;
ADHESIVE;H4;Positiv;
ADJUNCT;H4;Positiv;
ADJUST#2;H4Lvd;Positiv;
ADJUSTABLE;H4;Positiv;
ADJUSTMENT;H4Lvd;Positiv;
ADMIRABLE;H4Lvd;Positiv;
ADMIRATION;H4Lvd;Positiv;
ADMIRE;H4Lvd;Positiv;
ADMIRER;H4;Positiv;
ADMIT#1;H4Lvd;Positiv;
ADMIT#2;H4Lvd;Positiv;
ADMIT#3;H4Lvd;Positiv;
ADMITTANCE;H4;Positiv;
ADMONISH;H4;;Negativ
ADMONITION;H4;;Negativ
ADORABLE;H4;Positiv;
ADORE;H4;Positiv;
ADORN;H4;Positiv;
ADORNMENT;H4;Positiv;
ADROIT;H4;Positiv;
ADROITLY;H4;Positiv;
ADULATION;H4;Positiv;
ADULT#2;H4Lvd;Positiv;
ADULTERATE;H4;;Negativ
ADULTERATION;H4;;Negativ
ADULTERY;H4;;Negativ
ADVANCE#1;H4Lvd;Positiv;
ADVANCE#2;H4Lvd;Positiv;
ADVANCE#3;H4Lvd;Positiv;
ADVANCEMENT;H4Lvd;Positiv;
ADVANTAGE;H4Lvd;Positiv;
ADVANTAGEOUS;H4Lvd;Positiv;
ADVENT;H4;Positiv;
ADVENTURESOME;H4;Positiv;
ADVENTUROUS;H4Lvd;Positiv;
ADVERSARY;H4Lvd;;Negativ
ADVERSE;H4Lvd;;Negativ
ADVERSITY;H4;;Negativ
ADVISABLE;H4Lvd;Positiv;
ADVOCACY;H4Lvd;Positiv;
AFFABILITY;H4;Positiv;
AFFABLE;H4;Positiv;
AFFECTATION;H4;;Negativ
AFFECTION;H4Lvd;Positiv;
AFFECTIONATE;H4Lvd;Positiv;
AFFILIATE;H4Lvd;Positiv;
AFFILIATION;H4;Positiv;
AFFINITY;H4;Positiv;
AFFIRM;H4Lvd;Positiv;
AFFIRMATION;H4;Positiv;
AFFIRMATIVE;H4;Positiv;
AFFIX;H4;Positiv;
AFFLICT;H4Lvd;;Negativ
AFFLICTION;H4Lvd;;Negativ
AFFLUENCE;H4Lvd;Positiv;
AFFLUENT;H4;Positiv;
AFLOAT;H4;Positiv;
AFRAID#2;H4Lvd;;Negativ
AGAINST;H4Lvd;;Negativ
AGGRAVATE;H4Lvd;;Negativ
AGGRAVATION;H4Lvd;;Negativ
AGGREGATE;H4;Positiv;
AGGREGATION;H4;Positiv;
AGGRESSION;H4Lvd;;Negativ
AGGRESSIVE;H4Lvd;;Negativ
AGGRESSIVENESS;H4Lvd;;Negativ
AGGRESSOR;H4Lvd;;Negativ
AGGRIEVE;H4;;Negativ
AGHAST;H4;;Negativ
AGILE;H4;Positiv;
AGILITY;H4;Positiv;
AGITATE;H4Lvd;;Negativ
AGITATION;H4Lvd;;Negativ
AGITATOR;H4;;Negativ
AGONIZE;H4;;Negativ
AGONY;H4Lvd;;Negativ
AGREEABLE;H4Lvd;Positiv;
AGREEMENT;H4Lvd;Positiv;
AID#1;H4Lvd;Positiv;
AID#2;H4Lvd;Positiv;
AIL;H4;;Negativ
AILMENT;H4;;Negativ
AIMLESS;H4Lvd;;Negativ
ALARM#2;H4Lvd;;Negativ
ALARMING;H4;;Negativ
ALAS;H4;;Negativ
ALERTNESS;H4;Positiv;
ALIBI;H4;;Negativ
ALIEN;H4Lvd;;Negativ
ALIENATE;H4;;Negativ
ALIENATION;H4Lvd;;Negativ
ALIGHT;H4;Positiv;
ALIVE;H4Lvd;Positiv;
ALLEGATION;H4Lvd;;Negativ
ALLEGE;H4;;Negativ
ALLEGIANCE;H4Lvd;Positiv;
ALLEVIATE;H4Lvd;Positiv;
ALLIANCE;H4Lvd;Positiv;
ALLIED;H4Lvd;Positiv;
ALLIES;H4;Positiv;
ALLOW#1;H4Lvd;Positiv;
ALLOWABLE;H4;Positiv;
ALLOWANCE;H4Lvd;Positiv;
ALLURE;H4;Positiv;
ALLY#1;H4Lvd;Positiv;
ALMIGHTY;H4Lvd;Positiv;
ALOOF;H4;;Negativ
ALTERCATION;H4;;Negativ
ALTRUISTIC;H4;Positiv;
AMAZEMENT;H4;Positiv;
AMAZING;H4;Positiv;
AMBIGUITY;H4Lvd;;Negativ
AMBIGUOUS;H4Lvd;;Negativ
AMBIVALENT;H4Lvd;;Negativ
AMBUSH#1;H4Lvd;;Negativ
AMBUSH#2;H4Lvd;;Negativ
AMELIORATE;H4Lvd;Positiv;
AMENABLE;H4;Positiv;
AMENITY;H4Lvd;Positiv;
AMIABILITY;H4;Positiv;
AMIABLE;H4;Positiv;
AMICABLE;H4Lvd;Positiv;
AMISS;H4Lvd;;Negativ
AMNESTY;H4;Positiv;
AMOUR;H4;Positiv;
AMPLE;H4Lvd;Positiv;
AMPLIFY;H4;Positiv;
AMPLY;H4;Positiv;
AMPUTATE;H4;;Negativ
AMUSE;H4Lvd;Positiv;
AMUSEMENT;H4Lvd;Positiv;
ANARCHIST;H4;;Negativ
ANARCHY;H4Lvd;;Negativ
ANGEL;H4;Positiv;
ANGELIC;H4;Positiv;
ANGER#1;H4Lvd;;Negativ
ANGER#2;H4Lvd;;Negativ
ANGRY;H4Lvd;;Negativ
ANGUISH;H4Lvd;;Negativ
ANIMOSITY;H4Lvd;;Negativ
ANNIHILATE;H4;;Negativ
ANNIHILATION;H4;;Negativ
ANNOY;H4Lvd;;Negativ
ANNOYANCE;H4Lvd;;Negativ
ANOINT;H4;Positiv;
ANOMALOUS;H4;;Negativ
ANOMALY;H4Lvd;;Negativ
ANTAGONISM;H4Lvd;;Negativ
ANTAGONIST;H4;;Negativ
ANTAGONISTIC;H4Lvd;;Negativ
ANTAGONIZE;H4Lvd;;Negativ
ANTI-SOCIAL;H4;;Negativ
ANTIPATHY;H4;;Negativ
ANTIQUATED;H4;;Negativ
ANTITRUST;H4;;Negativ
ANXIETY;H4Lvd;;Negativ
ANXIOUS#2;H4Lvd;;Negativ
ANXIOUS#3;H4Lvd;;Negativ
ANXIOUSNESS;H4Lvd;;Negativ
APATHETIC;H4;;Negativ
APATHY;H4;;Negativ
APOCALYPSE;H4;Positiv;
APPALL#1;H4Lvd;;Negativ
APPALL#2;H4Lvd;;Negativ
APPEAL#3;H4Lvd;Positiv;
APPEASE;H4Lvd;Positiv;
APPEND;H4;Positiv;
APPLAUD;H4;Positiv;
APPLAUSE;H4Lvd;Positiv;
APPOINT#1;H4Lvd;Positiv;
APPOINT#2;H4Lvd;Positiv;
APPRECIABLE;H4Lvd;Positiv;
APPRECIATE;H4Lvd;Positiv;
APPRECIATION;H4Lvd;Positiv;
APPRECIATIVE;H4;Positiv;
APPREHEND;H4Lvd;Positiv;
APPREHENSION;H4Lvd;;Negativ
APPREHENSIVE;H4;;Negativ
APPROACH#1;H4Lvd;Positiv;
APPROACH#2;H4Lvd;Positiv;
APPROPRIATE#1;H4Lvd;Positiv;
APPROVAL;H4Lvd;Positiv;
APPROVE#1;H4Lvd;Positiv;
APPROVE#2;H4Lvd;Positiv;
APT;H4Lvd;Positiv;
APTITUDE;H4;Positiv;
ARBITER;H4;Positiv;
ARBITRARY;H4Lvd;;Negativ
ARBITRATE;H4Lvd;Positiv;
ARBITRATION;H4Lvd;Positiv;
ARDENT;H4Lvd;Positiv;
ARDUOUS;H4Lvd;;Negativ
ARGUE#1;H4Lvd;;Negativ
ARGUMENT#1;H4Lvd;;Negativ
ARISEN;H4Lvd;Positiv;
ARISTOCRACY;H4;Positiv;
ARISTOCRAT;H4;Positiv;
ARISTOCRATIC;H4;Positiv;
ARREST#1;H4Lvd;;Negativ
ARREST#2;H4Lvd;;Negativ
ARREST#3;H4Lvd;Positiv;
ARROGANCE;H4;;Negativ
ARROGANT;H4Lvd;;Negativ
ART#1;H4Lvd;Positiv;
ART#4;H4Lvd;Positiv;
ARTIFICIAL;H4Lvd;;Negativ
ASCRIBE;H4Lvd;Positiv;
ASHAMED;H4Lvd;;Negativ
ASPIRATION;H4;Positiv;
ASPIRE;H4Lvd;Positiv;
ASSAIL;H4Lvd;;Negativ
ASSAILANT;H4;;Negativ
ASSASSIN;H4;;Negativ
ASSASSINATE;H4;;Negativ
ASSAULT#1;H4Lvd;;Negativ
ASSAULT#2;H4Lvd;;Negativ
ASSENT;H4Lvd;Positiv;
ASSERTION;H4;Positiv;
ASSET;H4Lvd;Positiv;
ASSIST#1;H4Lvd;Positiv;
ASSIST#2;H4Lvd;Positiv;
ASSISTANCE;H4Lvd;Positiv;
ASSISTANT;H4Lvd;Positiv;
ASSOCIATE#1;H4Lvd;Positiv;
ASSOCIATE#2;H4Lvd;Positiv;
ASSOCIATE#3;H4Lvd;Positiv;
ASSOCIATION#1;H4Lvd;Positiv;
ASSOCIATION#2;H4Lvd;Positiv;
ASSURANCE;H4Lvd;Positiv;
ASSURE#1;H4Lvd;Positiv;
ASSURE#2;H4Lvd;Positiv;
ASSURE#3;H4Lvd;Positiv;
ASSUREDLY;H4Lvd;Positiv;
ASTOUND;H4;Positiv;
ASTRAY;H4;;Negativ
ASTUTE;H4;Positiv;
ASUNDER;H4;;Negativ
ATHLETIC;H4Lvd;Positiv;
ATROCIOUS;H4Lvd;;Negativ
ATROPHY;H4Lvd;;Negativ
ATTACHMENT;H4Lvd;Positiv;
ATTACK#1;H4Lvd;;Negativ
ATTACK#2;H4Lvd;;Negativ
ATTACK#3;H4Lvd;;Negativ
ATTAIN;H4Lvd;Positiv;
ATTAINMENT;H4Lvd;Positiv;
ATTEND#1;H4Lvd;Positiv;
ATTENDANCE;H4Lvd;Positiv;
ATTENTIVE;H4Lvd;Positiv;
ATTRACT;H4Lvd;Positiv;
ATTRACTION;H4Lvd;Positiv;
ATTRACTIVE;H4Lvd;Positiv;
ATTRACTIVENESS;H4;Positiv;
ATTUNE;H4;Positiv;
AUDACIOUS;H4;;Negativ
AUDACITY;H4;;Negativ
AUDIBLE;H4;Positiv;
AUGMENT;H4Lvd;Positiv;
AUGMENTATION;H4;Positiv;
AUSPICIOUS;H4Lvd;Positiv;
AUSTERE;H4;;Negativ
AUTHENTIC;H4Lvd;Positiv;
AUTHENTICITY;H4Lvd;Positiv;
AUTHORITATIVE;H4Lvd;Positiv;
AUTHORITY;H4Lvd;Positiv;
AUTOCRAT;H4;;Negativ
AUTOCRATIC;H4;;Negativ
AUTONOMOUS;H4;Positiv;
AVAILABILITY;H4Lvd;Positiv;
AVARICE;H4;;Negativ
AVARICIOUS;H4;;Negativ
AVENGE;H4Lvd;;Negativ
AVERSION;H4;;Negativ
AVERT;H4Lvd;;Negativ
AVID;H4;Positiv;
AVOID;H4Lvd;;Negativ
AVOIDANCE;H4Lvd;;Negativ
AWARD#1;H4Lvd;Positiv;
AWARD#2;H4Lvd;Positiv;
AWARE;H4Lvd;Positiv;
AWARENESS;H4Lvd;Positiv;
AWFUL#1;H4Lvd;;Negativ
AWKWARD;H4Lvd;;Negativ
AWKWARDNESS;H4;;Negativ
AX;H4;;Negativ
BABBLE;H4;;Negativ
BACK#2;H4Lvd;Positiv;
BACK#5;H4Lvd;Positiv;
BACKBONE;H4;Positiv;
BACKER;H4Lvd;Positiv;
BACKING;H4;Positiv;
BACKWARD;H4Lvd;;Negativ
BACKWARDNESS;H4Lvd;;Negativ
BAD;H4Lvd;;Negativ
BADLY;H4Lvd;;Negativ
BAFFLE;H4Lvd;;Negativ
BAFFLEMENT;H4Lvd;;Negativ
BAIL;H4;;Negativ
BAIT;H4;;Negativ
BALK;H4;;Negativ
BALL#5;H4Lvd;Positiv;
BALL#6;H4Lvd;Positiv;
BALMY;H4;Positiv;
BANAL;H4;;Negativ
BANDIT;H4;;Negativ
BANE;H4;;Negativ
BANISH#1;H4Lvd;;Negativ
BANISH#2;H4Lvd;;Negativ
BANISHMENT;H4;;Negativ
BANKRUPT;H4;;Negativ
BANKRUPTCY;H4Lvd;;Negativ
BAPTISM;H4;Positiv;
BAPTIZE;H4;Positiv;
BAR#4;H4Lvd;;Negativ
BARBARIAN;H4;;Negativ
BARBAROUS;H4;;Negativ
BARGAIN;H4;Positiv;
BARREN;H4;;Negativ
BARRIER;H4Lvd;;Negativ
BASHFUL;H4;;Negativ
BASIC#1;H4Lvd;Positiv;
BASIC#2;H4Lvd;Positiv;
BASTARD;H4Lvd;;Negativ
BATTLE#1;H4Lvd;;Negativ
BATTLE#2;H4Lvd;;Negativ
BATTLEFIELD;H4Lvd;;Negativ
BEACON;H4Lvd;Positiv;
BEASTLY;H4;;Negativ
BEAT#2;H4Lvd;;Negativ
BEAT#3;H4Lvd;;Negativ
BEAT#4;H4Lvd;;Negativ
BEAUTEOUS;H4;Positiv;
BEAUTIFY;H4;Positiv;
BEAUTY;H4Lvd;Positiv;
BEFIT;H4Lvd;Positiv;
BEFITTING;H4;Positiv;
BEFRIEND;H4;Positiv;
BEG;H4Lvd;;Negativ
BEGGAR;H4;;Negativ
BEHALF;H4Lvd;Positiv;
BEHEAD;H4;;Negativ
BELATED;H4;;Negativ
BELIE;H4;;Negativ
BELITTLE;H4Lvd;;Negativ
BELLIGERENT;H4Lvd;;Negativ
BELOVED;H4Lvd;Positiv;
BELT#2;H4Lvd;;Negativ
BENEFACTOR;H4;Positiv;
BENEFICENT;H4;Positiv;
BENEFICIAL;H4Lvd;Positiv;
BENEFICIARY;H4;Positiv;
BENEFIT#1;H4Lvd;Positiv;
BENEFIT#2;H4Lvd;Positiv;
BENEFIT#3;H4Lvd;Positiv;
BENEVOLENCE;H4Lvd;Positiv;
BENEVOLENT;H4;Positiv;
BENIGN;H4Lvd;Positiv;
BEQUEATH;H4;Positiv;
BEREAVE;H4;;Negativ
BEREAVEMENT;H4;;Negativ
BEREFT;H4;;Negativ
BERSERK;H4;;Negativ
BESEECH;H4;;Negativ
BESET;H4;;Negativ
BESIEGE;H4;;Negativ
BEST;H4Lvd;Positiv;
BESTOW;H4Lvd;Positiv;
BETRAY;H4Lvd;;Negativ
BETRAYAL;H4Lvd;;Negativ
BETROTH;H4;Positiv;
BETROTHAL;H4;Positiv;
BETTER#1;H4Lvd;Positiv;
BETTER#2;H4Lvd;Positiv;
BEWARE;H4Lvd;;Negativ
BEWILDER;H4Lvd;;Negativ
BEWILDERMENT;H4Lvd;;Negativ
BIT#2;H4Lvd;;Negativ
BITCHY;H4;;Negativ
BITE#1;H4Lvd;;Negativ
BITE#2;H4Lvd;;Negativ
BITE#3;H4Lvd;;Negativ
BITTER;H4Lvd;;Negativ
BITTERNESS;H4Lvd;;Negativ
BIZARRE;H4;;Negativ
BLACKMAIL;H4;;Negativ
BLAH;H4;;Negativ
BLAME#1;H4Lvd;;Negativ
BLAME#2;H4Lvd;;Negativ
BLAMELESS;H4;Positiv;
BLAND;H4;;Negativ
BLAST#1;H4Lvd;;Negativ
BLAST#2;H4Lvd;;Negativ
BLATANT;H4;;Negativ
BLEAK;H4Lvd;;Negativ
BLEMISH;H4;;Negativ
BLESS#1;H4Lvd;Positiv;
BLESS#2;H4Lvd;Positiv;
BLESS#3;H4Lvd;Positiv;
BLIND#1;H4Lvd;;Negativ
BLIND#2;H4Lvd;;Negativ
BLIND#3;H4Lvd;;Negativ
BLIND#4;H4Lvd;;Negativ
BLINDNESS;H4;;Negativ
BLISS;H4;Positiv;
BLISSFUL;H4;Positiv;
BLITHE;H4;Positiv;
BLOCK#1;H4Lvd;;Negativ
BLOCK#2;H4Lvd;;Negativ
BLOCKHEAD;H4;;Negativ
BLOODSHED;H4;;Negativ
BLOODTHIRSTY;H4;;Negativ
BLOODY;H4Lvd;;Negativ
BLOOM;H4;Positiv;
BLOSSOM;H4;Positiv;
BLOW#1;H4Lvd;;Negativ
BLOW#3;H4Lvd;;Negativ
BLUNDER;H4Lvd;;Negativ
BLUNT;H4;;Negativ
BLUR;H4;;Negativ
BLURT;H4;;Negativ
BOARD#7;H4Lvd;;Negativ
BOARD#8;H4Lvd;Positiv;
BOAST;H4;;Negativ
BOASTFUL;H4;;Negativ
BOGUS;H4;;Negativ
BOISTEROUS;H4;;Negativ
BOLDNESS;H4;Positiv;
BOLSTER;H4;Positiv;
BOLT;H4;;Negativ
BOMB#1;H4Lvd;;Negativ
BOMB#2;H4Lvd;;Negativ
BOMBARD;H4;;Negativ
BOMBARDMENT;H4;;Negativ
BONDAGE;H4Lvd;;Negativ
BONNY;H4;Positiv;
BONUS;H4Lvd;Positiv;
BOOM;H4;Positiv;
BOOST#1;H4Lvd;Positiv;
BOOST#2;H4Lvd;Positiv;
BOOT;H4;;Negativ
BORE#1;H4Lvd;;Negativ
BORE#5;H4Lvd;;Negativ
BORE#6;H4Lvd;;Negativ
BOREDOM;H4;;Negativ
BOTHER#1;H4Lvd;;Negativ
BOTHER#3;H4Lvd;;Negativ
BOTHERSOME;H4Lvd;;Negativ
BOUND#3;H4Lvd;;Negativ
BOUNDLESS;H4;Positiv;
BOUNTIFUL;H4Lvd;Positiv;
BOUT;H4Lvd;;Negativ
BOX#2;H4Lvd;;Negativ
BRAG;H4;;Negativ
BRAINY;H4;Positiv;
BRANDISH;H4Lvd;;Negativ
BRAT;H4;;Negativ
BRAVADO;H4;;Negativ
BRAVE;H4Lvd;Positiv;
BRAVERY;H4Lvd;Positiv;
BRAWL;H4;;Negativ
BRAZEN;H4;;Negativ
BREACH;H4Lvd;;Negativ
BREADWINNER;H4;Positiv;
BREAK#1;H4Lvd;;Negativ
BREAK#4;H4Lvd;;Negativ
BREAK#5;H4Lvd;;Negativ
BREAKDOWN;H4Lvd;;Negativ
BRIBE;H4;;Negativ
BRIGHT;H4Lvd;Positiv;
BRIGHTNESS;H4Lvd;Positiv;
BRILLIANCE;H4Lvd;Positiv;
BRILLIANT;H4Lvd;Positiv;
BRISTLE;H4;;Negativ
BRITTLE;H4;;Negativ
BROKE#3;H4Lvd;;Negativ
BROKE#5;H4Lvd;;Negativ
BROKE#6;H4Lvd;;Negativ
BROKE#7;H4Lvd;;Negativ
BROKEN-HEARTED;H4;;Negativ
BROOD;H4;;Negativ
BROTHERHOOD;H4Lvd;Positiv;
BROTHERLY;H4;Positiv;
BRUISE;H4;;Negativ
BRUSQUE;H4;;Negativ
BRUTALITY;H4Lvd;;Negativ
BRUTE;H4;;Negativ
BRUTISH;H4;;Negativ
BUCKLE;H4;;Negativ
BUG#2;H4Lvd;;Negativ
BULLET;H4Lvd;;Negativ
BUM;H4;;Negativ
BUNGLE;H4;;Negativ
BUOYANT;H4;Positiv;
BURDEN#1;H4Lvd;;Negativ
BURDEN#2;H4Lvd;;Negativ
BURDENSOME;H4;;Negativ
BURGLAR;H4;;Negativ
BURGLARY;H4;;Negativ
BURN#1;H4Lvd;;Negativ
BURN#2;H4Lvd;;Negativ
BURN#3;H4Lvd;;Negativ
BURN#4;H4Lvd;;Negativ
BURY;H4Lvd;;Negativ
BUSYBODY;H4;;Negativ
BUTCHERY;H4Lvd;;Negativ
BUY#2;H4Lvd;Positiv;
CALAMITY;H4Lvd;;Negativ
CALL#4;H4Lvd;Positiv;
CALLOUS;H4;;Negativ
CALM#1;H4Lvd;Positiv;
CALM#2;H4Lvd;Positiv;
CALM#3;H4Lvd;Positiv;
CALMNESS;H4;Positiv;
CANCEL;H4;;Negativ
CANCELLATION;H4;;Negativ
CANCER;H4Lvd;;Negativ
CANDID;H4Lvd;Positiv;
CANDOR;H4;Positiv;
CANNIBAL;H4;;Negativ
CANNON;H4Lvd;;Negativ
CAPABILITY;H4Lvd;Positiv;
CAPABLE;H4Lvd;Positiv;
CAPITAL#2;H4Lvd;;Negativ
CAPITALIZE;H4;Positiv;
CAPITULATE;H4;;Negativ
CAPRICIOUS;H4;;Negativ
CAPSIZE;H4;;Negativ
CAPTIVATION;H4;Positiv;
CAPTIVE;H4;;Negativ
CAPTURE#1;H4Lvd;;Negativ
CAPTURE#2;H4Lvd;;Negativ
CARE#1;H4Lvd;Positiv;
CARE#2;H4Lvd;Positiv;
CAREEN;H4;;Negativ
CAREFREE;H4;Positiv;
CAREFUL;H4Lvd;Positiv;
CARELESS;H4Lvd;;Negativ
CARELESSNESS;H4;;Negativ
CARESS#1;H4Lvd;Positiv;
CARESS#2;H4Lvd;Positiv;
CASUAL;H4Lvd;Positiv;
CASUALTY;H4;;Negativ
CATACLYSM;H4;;Negativ
CATASTROPHE;H4Lvd;;Negativ
CATCH#3;H4Lvd;;Negativ
CAVE#2;H4Lvd;;Negativ
CEASELESS;H4Lvd;Positiv;
CELEBRATE;H4Lvd;Positiv;
CELEBRATION;H4Lvd;Positiv;
CELEBRITY;H4;Positiv;
CENSOR;H4;;Negativ
CENSORSHIP;H4Lvd;;Negativ
CENSURE;H4;;Negativ
CEREMONIAL;H4;Positiv;
CHAFE;H4;;Negativ
CHALLENGE#1;H4Lvd;;Negativ
CHALLENGE#2;H4Lvd;;Negativ
CHAMP;H4;Positiv;
CHAMPION;H4Lvd;Positiv;
CHAMPIONSHIP;H4;Positiv;
CHAOS;H4Lvd;;Negativ
CHAOTIC;H4Lvd;;Negativ
CHARGE#2;H4Lvd;;Negativ
CHARGE#3;H4;;Negativ
CHARGE#6;H4;;Negativ
CHARGE#7;H4;;Negativ
CHARISMA;H4;Positiv;
CHARITABLE;H4Lvd;Positiv;
CHARITY;H4Lvd;Positiv;
CHARM#1;H4Lvd;Positiv;
CHARM#2;H4Lvd;Positiv;
CHASE#1;H4Lvd;;Negativ
CHASE#2;H4Lvd;;Negativ
CHASTE;H4;Positiv;
CHASTISE;H4;;Negativ
CHEAP;H4Lvd;;Negativ
CHEAPEN;H4;;Negativ
CHEATER;H4;;Negativ
CHEER;H4Lvd;Positiv;
CHEERFUL;H4Lvd;Positiv;
CHEERY;H4Lvd;Positiv;
CHERISH#1;H4Lvd;Positiv;
CHERISH#2;H4Lvd;Positiv;
CHERUB;H4;Positiv;
CHIC;H4;Positiv;
CHIDE;H4;;Negativ
CHILDISH;H4Lvd;;Negativ
CHIVALROUS;H4;Positiv;
CHIVALRY;H4;Positiv;
CHOKE#1;H4Lvd;;Negativ
CHOKE#2;H4Lvd;;Negativ
CHORE;H4Lvd;;Negativ
CHOSEN#2;H4Lvd;Positiv;
CHRONIC;H4Lvd;;Negativ
CHUM;H4;Positiv;
CIRCLE#3;H4Lvd;;Negativ
CIVIL#1;H4Lvd;Positiv;
CIVILITY;H4;Positiv;
CIVILIZATION;H4Lvd;Positiv;
CIVILIZE#1;H4Lvd;Positiv;
CIVILIZE#2;H4Lvd;Positiv;
CLAMOR;H4;;Negativ
CLAMOROUS;H4;;Negativ
CLARIFY;H4Lvd;Positiv;
CLARITY;H4Lvd;Positiv;
CLASH;H4;;Negativ
CLASSIC;H4Lvd;Positiv;
CLATTER;H4;;Negativ
CLEAN#1;H4Lvd;Positiv;
CLEAN#3;H4Lvd;Positiv;
CLEANLINESS;H4;Positiv;
CLEANSE;H4;Positiv;
CLEAR#1;H4Lvd;Positiv;
CLEAR#2;H4Lvd;Positiv;
CLEAR#3;H4Lvd;Positiv;
CLEAR#4;H4Lvd;Positiv;
CLEAR#5;H4Lvd;Positiv;
CLEARNESS;H4;Positiv;
CLEVER;H4Lvd;Positiv;
CLIQUE;H4Lvd;;Negativ
CLOG;H4;;Negativ
CLOSE#2;H4Lvd;;Negativ
CLOSE#7;H4Lvd;;Negativ
CLOSENESS;H4Lvd;Positiv;
CLOUT;H4;Positiv;
CLUB#2;H4Lvd;;Negativ
CLUB#3;H4Lvd;;Negativ
CLUMSY;H4;;Negativ
CLUTTER;H4;;Negativ
CO-OPERATION;H4Lvd;Positiv;
COARSE;H4Lvd;;Negativ
COARSENESS;H4;;Negativ
COAX;H4;Positiv;
COCKINESS;H4;;Negativ
COCKY;H4;;Negativ
CODDLE;H4;Positiv;
COERCE;H4;;Negativ
COERCION;H4;;Negativ
COERCIVE;H4;;Negativ
COEXISTENCE;H4Lvd;Positiv;
COGENT;H4;Positiv;
COGNIZANCE;H4;Positiv;
COGNIZANT;H4;Positiv;
COHERENT;H4;Positiv;
COHESION;H4;Positiv;
COHORT;H4;Positiv;
COINCIDENT;H4;Positiv;
COLD#1;H4Lvd;;Negativ
COLD#2;H4Lvd;;Negativ
COLD#3;H4Lvd;;Negativ
COLD#6;H4Lvd;;Negativ
COLLABORATE;H4;Positiv;
COLLABORATION;H4Lvd;Positiv;
COLLAPSE#1;H4Lvd;;Negativ
COLLAPSE#2;H4Lvd;;Negativ
COLLEAGUE;H4Lvd;Positiv;
COLLIDE;H4;;Negativ
COLLISION;H4;;Negativ
COLLUSION;H4;;Negativ
COLONY;H4Lvd;;Negativ
COLOSSAL;H4;Positiv;
COMBAT#1;H4Lvd;;Negativ
COMBAT#2;H4Lvd;;Negativ
COMBATANT;H4;;Negativ
COMEBACK;H4;Positiv;
COMEDY;H4Lvd;Positiv;
COMELY;H4;Positiv;
COMESTIBLE;H4;Positiv;
COMFORT#1;H4Lvd;Positiv;
COMFORT#2;H4Lvd;Positiv;
COMFORT#3;H4Lvd;Positiv;
COMFORTABLE;H4Lvd;Positiv;
COMIC;H4;Positiv;
COMICAL;H4;Positiv;
COMMEMORATE;H4;Positiv;
COMMEMORATION;H4;Positiv;
COMMENCEMENT;H4Lvd;Positiv;
COMMEND;H4Lvd;Positiv;
COMMENDABLE;H4Lvd;Positiv;
COMMENDATION;H4;Positiv;
COMMENSURATE;H4;Positiv;
COMMISERATION;H4;;Negativ
COMMISSION;H4Lvd;Positiv;
COMMIT#1;H4Lvd;;Negativ
COMMITMENT;H4Lvd;Positiv;
COMMODIOUS;H4;Positiv;
COMMON#1;H4Lvd;Positiv;
COMMON#4;H4Lvd;Positiv;
COMMONER;H4Lvd;;Negativ
COMMONPLACE;H4Lvd;;Negativ
COMMONSENSE;H4;Positiv;
COMMOTION;H4Lvd;;Negativ
COMMUNAL;H4;Positiv;
COMMUNE;H4;Positiv;
COMMUNICATE#1;H4Lvd;Positiv;
COMMUNICATE#2;H4Lvd;Positiv;
COMMUNICATIVE;H4Lvd;Positiv;
COMMUNION;H4Lvd;Positiv;
COMMUNITY;H4Lvd;Positiv;
COMPANION;H4Lvd;Positiv;
COMPANIONSHIP;H4Lvd;Positiv;
COMPANY#2;H4Lvd;Positiv;
COMPASSION;H4Lvd;Positiv;
COMPASSIONATE;H4Lvd;Positiv;
COMPATIBLE;H4Lvd;Positiv;
COMPEL#1;H4Lvd;;Negativ
COMPEL#2;H4Lvd;;Negativ
COMPENSATE;H4Lvd;Positiv;
COMPENSATION;H4Lvd;Positiv;
COMPETE;H4Lvd;;Negativ
COMPETENCE;H4Lvd;Positiv;
COMPETENCY;H4;Positiv;
COMPETENT;H4Lvd;Positiv;
COMPETITION;H4Lvd;;Negativ
COMPETITIVE;H4Lvd;;Negativ
COMPETITOR;H4Lvd;;Negativ
COMPLAIN;H4Lvd;;Negativ
COMPLAINT;H4Lvd;;Negativ
COMPLEMENT#1;H4Lvd;Positiv;
COMPLEMENT#2;H4Lvd;Positiv;
COMPLEMENTARY;H4;Positiv;
COMPLETE#1;H4Lvd;Positiv;
COMPLETE#2;H4Lvd;Positiv;
COMPLETENESS;H4Lvd;Positiv;
COMPLETION;H4Lvd;Positiv;
COMPLEX;H4Lvd;;Negativ
COMPLEXITY;H4Lvd;;Negativ
COMPLIANCE;H4Lvd;Positiv;
COMPLICATE#1;H4Lvd;;Negativ
COMPLICATE#2;H4Lvd;;Negativ
COMPLICATION;H4Lvd;;Negativ
COMPLICITY;H4Lvd;;Negativ
COMPLIMENT;H4;Positiv;
COMPOSURE;H4;Positiv;
COMPREHEND;H4Lvd;Positiv;
COMPREHENSION;H4Lvd;Positiv;
COMPREHENSIVE;H4Lvd;Positiv;
COMPROMISE#1;H4Lvd;Positiv;
COMPROMISE#2;H4Lvd;Positiv;
COMPULSION;H4Lvd;;Negativ
CONCEAL;H4Lvd;;Negativ
CONCEIT;H4;;Negativ
CONCERN#1;H4Lvd;;Negativ
CONCERN#2;H4Lvd;;Negativ
CONCESSION;H4Lvd;Positiv;
CONCLUSIVE;H4;Positiv;
CONCUR;H4Lvd;Positiv;
CONDEMN#1;H4Lvd;;Negativ
CONDEMN#2;H4Lvd;;Negativ
CONDEMNATION;H4;;Negativ
CONDESCENDING;H4;;Negativ
CONDESCENSION;H4;;Negativ
CONDONE;H4Lvd;Positiv;
CONDUCIVE;H4Lvd;Positiv;
CONFEDERATION;H4;Positiv;
CONFER;H4Lvd;Positiv;
CONFESS;H4Lvd;;Negativ
CONFESSION;H4Lvd;;Negativ
CONFIDANT;H4;Positiv;
CONFIDE;H4Lvd;Positiv;
CONFIDENCE#1;H4Lvd;Positiv;
CONFIDENT;H4Lvd;Positiv;
CONFINE#1;H4Lvd;;Negativ
CONFINE#2;H4Lvd;;Negativ
CONFINEMENT;H4;;Negativ
CONFISCATE;H4;;Negativ
CONFISCATION;H4;;Negativ
CONFLICT#1;H4Lvd;;Negativ
CONFLICT#2;H4Lvd;;Negativ
CONFLICT#3;H4Lvd;;Negativ
CONFLICT#4;H4Lvd;;Negativ
CONFOUND;H4Lvd;;Negativ
CONFRONT;H4Lvd;;Negativ
CONFRONTATION;H4Lvd;;Negativ
CONFUSE#1;H4Lvd;;Negativ
CONFUSE#2;H4Lvd;;Negativ
CONFUSE#3;H4Lvd;;Negativ
CONFUSE#4;H4Lvd;;Negativ
CONFUSION;H4Lvd;;Negativ
CONGENIAL;H4Lvd;Positiv;
CONGESTED;H4;;Negativ
CONGESTION;H4Lvd;;Negativ
CONGRATULATE;H4Lvd;Positiv;
CONGRATULATION;H4Lvd;Positiv;
CONGRATULATORY;H4;Positiv;
CONGREGATE;H4;Positiv;
CONJUNCTION;H4Lvd;Positiv;
CONJURE;H4;Positiv;
CONNECT;H4Lvd;Positiv;
CONQUER;H4Lvd;Positiv;
CONQUEROR;H4;Positiv;
CONQUEST;H4Lvd;Positiv;
CONSCIENCE;H4Lvd;Positiv;
CONSCIENTIOUS;H4Lvd;Positiv;
CONSENSUS;H4Lvd;Positiv;
CONSENT#1;H4Lvd;Positiv;
CONSENT#2;H4Lvd;Positiv;
CONSERVE;H4Lvd;Positiv;
CONSIDER#1;H4Lvd;Positiv;
CONSIDER#2;H4Lvd;Positiv;
CONSIDERATE;H4;Positiv;
CONSIDERATION#1;H4Lvd;Positiv;
CONSIGN;H4;Positiv;
CONSISTENCY;H4Lvd;Positiv;
CONSISTENT;H4Lvd;Positiv;
CONSOLE;H4;Positiv;
CONSOLIDATE;H4Lvd;Positiv;
CONSPIRACY;H4Lvd;;Negativ
CONSPIRATOR;H4Lvd;;Negativ
CONSPIRE;H4;;Negativ
CONSTANCY;H4;Positiv;
CONSTERNATION;H4;;Negativ
CONSTRAIN;H4Lvd;;Negativ
CONSTRAINT;H4Lvd;;Negativ
CONSTRUCTIVE;H4Lvd;Positiv;
CONSULT;H4Lvd;Positiv;
CONSULTATION;H4Lvd;Positiv;
CONSUMMATE;H4Lvd;Positiv;
CONSUMPTIVE;H4Lvd;;Negativ
CONTACT#1;H4Lvd;Positiv;
CONTACT#2;H4Lvd;Positiv;
CONTAGIOUS;H4;;Negativ
CONTAMINATE;H4;;Negativ
CONTAMINATION;H4;;Negativ
CONTEMPT;H4;;Negativ
CONTEMPTIBLE;H4;;Negativ
CONTEMPTUOUS;H4Lvd;;Negativ
CONTEND;H4Lvd;;Negativ
CONTENT#3;H4Lvd;Positiv;
CONTENT#4;H4Lvd;Positiv;
CONTENT#5;H4Lvd;Positiv;
CONTENTMENT;H4;Positiv;
CONTINUITY;H4Lvd;Positiv;
CONTRADICT;H4Lvd;;Negativ
CONTRADICTION;H4;;Negativ
CONTRADICTORY;H4Lvd;;Negativ
CONTRARY;H4Lvd;;Negativ
CONTRIBUTE#1;H4Lvd;Positiv;
CONTRIBUTE#2;H4Lvd;Positiv;
CONTRIBUTION;H4Lvd;Positiv;
CONTRIBUTOR;H4Lvd;Positiv;
CONTROVERSIAL;H4Lvd;;Negativ
CONTROVERSY;H4Lvd;;Negativ
CONVENE;H4;Positiv;
CONVICT#1;H4Lvd;;Negativ
CONVICT#2;H4Lvd;;Negativ
CONVICTION;H4Lvd;Positiv;
CONVINCE#1;H4Lvd;Positiv;
CONVINCE#2;H4Lvd;Positiv;
COOL;H4Lvd;;Negativ
COOLNESS;H4;;Negativ
COOPERATE;H4Lvd;Positiv;
COOPERATION;H4Lvd;Positiv;
COOPERATIVE#1;H4Lvd;Positiv;
COOPERATIVE#2;H4Lvd;Positiv;
COOPERATIVE#3;H4Lvd;Positiv;
COORDINATE;H4Lvd;Positiv;
COORDINATION;H4;Positiv;
CORDIAL;H4Lvd;Positiv;
CORRECT#1;H4Lvd;Positiv;
CORRECT#2;H4Lvd;Positiv;
CORRECT#3;H4Lvd;Positiv;
CORRECTION;H4;Positiv;
CORRODE;H4;;Negativ
CORROSION;H4;;Negativ
CORROSIVE;H4;;Negativ
CORRUPT;H4Lvd;;Negativ
CORRUPTION;H4Lvd;;Negativ
COST#1;H4Lvd;;Negativ
COST#2;H4Lvd;;Negativ
COSTLINESS;H4;;Negativ
COSTLY;H4Lvd;;Negativ
COUNCIL;H4Lvd;Positiv;
COUNSEL#1;H4Lvd;Positiv;
COUNSEL#2;H4Lvd;Positiv;
COUNTERACT;H4Lvd;;Negativ
COUNTERACTION;H4Lvd;;Negativ
COUNTERFEIT;H4;;Negativ
COURAGE;H4Lvd;Positiv;
COURAGEOUS;H4Lvd;Positiv;
COURTEOUS;H4Lvd;Positiv;
COURTESY;H4Lvd;Positiv;
COURTLY;H4Lvd;Positiv;
COVENANT;H4;Positiv;
COVERT;H4;;Negativ
COVET;H4;;Negativ
COWARD;H4Lvd;;Negativ
COZY;H4;Positiv;
CRAFTY;H4;;Negativ
CRAM;H4;;Negativ
CRAMP;H4;;Negativ
CRANKY;H4;;Negativ
CRASS;H4;;Negativ
CRAVE;H4;;Negativ
CRAWL#2;H4Lvd;;Negativ
CRAZE;H4;;Negativ
CRAZINESS;H4;;Negativ
CRAZY;H4Lvd;;Negativ
CREATE;H4Lvd;Positiv;
CREATIVE;H4Lvd;Positiv;
CREATIVITY;H4Lvd;Positiv;
CREDENTIALS;H4;Positiv;
CREDIBILITY;H4;Positiv;
CREDIBLE;H4;Positiv;
CREDIT#2;H4Lvd;Positiv;
CREDIT#4;H4Lvd;Positiv;
CREDULOUS;H4;;Negativ
CRIME;H4Lvd;;Negativ
CRIMINAL;H4Lvd;;Negativ
CRINGE;H4;;Negativ
CRIPPLE;H4;;Negativ
CRISIS;H4Lvd;;Negativ
CRITIC;H4Lvd;;Negativ
CRITICIZE;H4Lvd;;Negativ
CROAK;H4;;Negativ
CROOK;H4;;Negativ
CROOKED;H4;;Negativ
CROSS#3;H4Lvd;;Negativ
CROSS#6;H4Lvd;;Negativ
CROSS#7;H4Lvd;;Negativ
CRUDE;H4Lvd;;Negativ
CRUEL;H4Lvd;;Negativ
CRUELTY;H4Lvd;;Negativ
CRUMBLE;H4;;Negativ
CRUMPLE;H4;;Negativ
CRUSADE;H4;Positiv;
CRUSADER;H4;Positiv;
CRUSH#1;H4Lvd;;Negativ
CRUSH#2;H4Lvd;;Negativ
CRUSHING;H4;;Negativ
CUDDLE;H4;Positiv;
CULMINATE;H4;Positiv;
CULMINATION;H4;Positiv;
CULPABLE;H4;;Negativ
CULPRIT;H4;;Negativ
CULTIVATE#1;H4Lvd;Positiv;
CULTIVATE#2;H4Lvd;Positiv;
CULTIVATION;H4;Positiv;
CULTURE#2;H4Lvd;Positiv;
CUMBERSOME;H4;;Negativ
CUPID;H4;Positiv;
CURE#1;H4Lvd;Positiv;
CURE#2;H4Lvd;Positiv;
CURSE#1;H4Lvd;;Negativ
CURSE#2;H4Lvd;;Negativ
CURSORY;H4;;Negativ
CURT;H4Lvd;;Negativ
CURTAIL;H4;;Negativ
CURTSEY;H4;Positiv;
CUT#1;H4Lvd;;Negativ
CUT#2;H4Lvd;;Negativ
CUTE;H4;Positiv;
CYNICAL;H4Lvd;;Negativ
CYNICISM;H4;;Negativ
DAMAGE#1;H4Lvd;;Negativ
DAMAGE#2;H4Lvd;;Negativ
DAMN;H4Lvd;;Negativ
DAMNABLE;H4;;Negativ
DAMNED;H4;;Negativ
DANCE#1;H4Lvd;Positiv;
DANCE#2;H4Lvd;Positiv;
DANCE#3;H4Lvd;Positiv;
DANGER;H4Lvd;;Negativ
DANGEROUS;H4Lvd;;Negativ
DARE;H4Lvd;Positiv;
DARING;H4Lvd;Positiv;
DARK;H4Lvd;;Negativ
DARKEN;H4Lvd;;Negativ
DARKNESS;H4Lvd;;Negativ
DARLING;H4Lvd;Positiv;
DARN;H4;;Negativ
DAUNTING;H4;;Negativ
DAUNTLESS;H4;Positiv;
DAWDLE;H4;;Negativ
DAWN#2;H4Lvd;Positiv;
DAZE;H4;;Negativ
DAZZLE;H4;Positiv;
DEAD;H4Lvd;;Negativ
DEADLOCK;H4Lvd;;Negativ
DEADLY;H4Lvd;;Negativ
DEADWEIGHT;H4;;Negativ
DEAF;H4;;Negativ
DEAFNESS;H4;;Negativ
DEAL#1;H4Lvd;Positiv;
DEAL#6;H4Lvd;;Negativ
DEAR#1;H4Lvd;Positiv;
DEAR#2;H4Lvd;Positiv;
DEARTH;H4;;Negativ
DEATH;H4Lvd;;Negativ
DEBATABLE;H4Lvd;;Negativ
DEBTOR;H4Lvd;;Negativ
DECADENCE;H4;;Negativ
DECADENT;H4;;Negativ
DECAY#1;H4Lvd;;Negativ
DECAY#2;H4Lvd;;Negativ
DECEASE;H4;;Negativ
DECEIT;H4;;Negativ
DECEITFUL;H4;;Negativ
DECEIVE#1;H4Lvd;;Negativ
DECEIVE#2;H4Lvd;;Negativ
DECENCY;H4Lvd;Positiv;
DECENT;H4Lvd;Positiv;
DECEPTION;H4Lvd;;Negativ
DECEPTIVE;H4Lvd;;Negativ
DECIPHER;H4;Positiv;
DECLINE#1;H4Lvd;;Negativ
DECLINE#2;H4Lvd;;Negativ
DECOMPOSE;H4;;Negativ
DECORATE;H4;Positiv;
DECORATION;H4;Positiv;
DECORATIVE;H4;Positiv;
DECREASE#1;H4Lvd;;Negativ
DECREASE#2;H4Lvd;;Negativ
DEDICATE#1;H4Lvd;Positiv;
DEDICATE#2;H4Lvd;Positiv;
DEDICATION;H4Lvd;Positiv;
DEDUCE;H4;Positiv;
DEFAME;H4;;Negativ
DEFAULT;H4;;Negativ
DEFEAT#1;H4Lvd;;Negativ
DEFEAT#2;H4Lvd;;Negativ
DEFECT;H4Lvd;;Negativ
DEFECTIVE;H4Lvd;;Negativ
DEFEND;H4Lvd;Positiv;
DEFENDANT;H4;;Negativ
DEFENDER;H4Lvd;Positiv;
DEFENSE;H4Lvd;Positiv;
DEFENSIVE;H4Lvd;;Negativ
DEFERENCE;H4;Positiv;
DEFIANCE;H4Lvd;;Negativ
DEFIANT;H4;;Negativ
DEFICIENCY;H4Lvd;;Negativ
DEFICIENT;H4Lvd;;Negativ
DEFICIT;H4Lvd;;Negativ
DEFILE;H4;;Negativ
DEFINITIVE;H4Lvd;Positiv;
DEFY;H4Lvd;;Negativ
DEGENERATE;H4Lvd;;Negativ
DEGRADE;H4Lvd;;Negativ
DEJECTED;H4;;Negativ
DELAY#1;H4Lvd;;Negativ
DELAY#2;H4Lvd;;Negativ
DELICACY;H4;Positiv;
DELICATE;H4Lvd;Positiv;
DELIGHT#1;H4Lvd;Positiv;
DELIGHT#2;H4Lvd;Positiv;
DELIGHTFUL;H4Lvd;Positiv;
DELINQUENCY;H4Lvd;;Negativ
DELINQUENT;H4Lvd;;Negativ
DELIRIUM;H4;;Negativ
DELUGE;H4;;Negativ
DELUSION;H4Lvd;;Negativ
DEMEAN;H4;;Negativ
DEMISE;H4Lvd;;Negativ
DEMOLISH;H4Lvd;;Negativ
DEMON;H4;;Negativ
DEMORALIZE;H4Lvd;;Negativ
DENIAL;H4Lvd;;Negativ
DENOUNCE;H4Lvd;;Negativ
DENT;H4;;Negativ
DENY;H4Lvd;;Negativ
DEPENDABILITY;H4Lvd;Positiv;
DEPENDABLE;H4Lvd;Positiv;
DEPENDENT;H4Lvd;;Negativ
DEPLETE;H4Lvd;;Negativ
DEPLORABLE;H4Lvd;;Negativ
DEPLORE;H4Lvd;;Negativ
DEPOSE;H4;;Negativ
DEPRAVED;H4;;Negativ
DEPRECIATE;H4Lvd;;Negativ
DEPRECIATION;H4Lvd;;Negativ
DEPRESS#1;H4Lvd;;Negativ
DEPRESS#2;H4Lvd;;Negativ
DEPRESS#3;H4Lvd;;Negativ
DEPRESSION#1;H4Lvd;;Negativ
DEPRESSION#2;H4Lvd;;Negativ
DEPRIVE;H4Lvd;;Negativ
DERIDE;H4;;Negativ
DERISION;H4;;Negativ
DERISIVE;H4;;Negativ
DEROGATORY;H4;;Negativ
DESCRY;H4;Positiv;
DESERT#2;H4Lvd;;Negativ
DESERT#4;H4Lvd;;Negativ
DESERTION;H4;;Negativ
DESERVE;H4Lvd;Positiv;
DESERVEDLY;H4;Positiv;
DESIRABLE;H4Lvd;Positiv;
DESIRE#3;H4Lvd;;Negativ
DESIROUS;H4;Positiv;
DESOLATE;H4Lvd;;Negativ
DESOLATION;H4;;Negativ
DESPAIR#1;H4Lvd;;Negativ
DESPAIR#2;H4Lvd;;Negativ
DESPERATE;H4Lvd;;Negativ
DESPERATION;H4;;Negativ
DESPICABLE;H4;;Negativ
DESPISE#1;H4Lvd;;Negativ
DESPISE#2;H4Lvd;;Negativ
DESTITUTE;H4;;Negativ
DESTROY;H4Lvd;;Negativ
DESTRUCTION;H4Lvd;;Negativ
DESTRUCTIVE;H4Lvd;;Negativ
DETACHMENT;H4;;Negativ
DETAIN;H4;;Negativ
DETER;H4Lvd;;Negativ
DETERRENT;H4Lvd;;Negativ
DETEST;H4Lvd;;Negativ
DETESTABLE;H4;;Negativ
DETRACT;H4;;Negativ
DETRIMENTAL;H4Lvd;;Negativ
DEVASTATE;H4Lvd;;Negativ
DEVASTATION;H4;;Negativ
DEVIATE;H4;;Negativ
DEVIATION;H4;;Negativ
DEVIL;H4Lvd;;Negativ
DEVILISH;H4;;Negativ
DEVIOUS;H4;;Negativ
DEVOID;H4Lvd;;Negativ
DEVOTE#1;H4Lvd;Positiv;
DEVOTE#2;H4Lvd;Positiv;
DEVOTION;H4Lvd;Positiv;
DEVOUT;H4;Positiv;
DEXTERITY;H4;Positiv;
DIABOLIC;H4;;Negativ
DIABOLICAL;H4;;Negativ
DICTATE;H4Lvd;;Negativ
DICTATORIAL;H4;;Negativ
DIFFER;H4Lvd;;Negativ
DIFFICULT;H4Lvd;;Negativ
DIFFICULTY;H4Lvd;;Negativ
DIG#1;H4Lvd;Positiv;
DIGNIFIED;H4;Positiv;
DIGNIFY;H4;Positiv;
DIGNITY;H4Lvd;Positiv;
DILEMMA;H4Lvd;;Negativ
DILIGENT;H4Lvd;Positiv;
DIM#1;H4Lvd;;Negativ
DIM#2;H4Lvd;;Negativ
DIN;H4;;Negativ
DIRE;H4;;Negativ
DIRT;H4Lvd;;Negativ
DIRTY;H4Lvd;;Negativ
DISABLE;H4;;Negativ
DISADVANTAGE;H4Lvd;;Negativ
DISADVANTAGEOUS;H4Lvd;;Negativ
DISAGREEABLE;H4Lvd;;Negativ
DISAGREEMENT;H4Lvd;;Negativ
DISAPPOINT#1;H4Lvd;;Negativ
DISAPPOINT#2;H4Lvd;;Negativ
DISAPPOINT#3;H4Lvd;;Negativ
DISAPPOINT#4;H4Lvd;;Negativ
DISAPPOINTMENT;H4Lvd;;Negativ
DISAPPROVAL;H4;;Negativ
DISAPPROVE;H4Lvd;;Negativ
DISARM;H4;;Negativ
DISASTER;H4Lvd;;Negativ
DISASTROUS;H4Lvd;;Negativ
DISAVOW;H4Lvd;;Negativ
DISAVOWAL;H4Lvd;;Negativ
DISBELIEF;H4Lvd;;Negativ
DISCERN;H4;Positiv;
DISCHARGE#1;H4Lvd;;Negativ
DISCHARGE#2;H4Lvd;;Negativ
DISCLAIM;H4Lvd;;Negativ
DISCOMFORT;H4Lvd;;Negativ
DISCONCERTED;H4Lvd;;Negativ
DISCONTENT;H4Lvd;;Negativ
DISCORD;H4Lvd;;Negativ
DISCORDANT;H4;;Negativ
DISCOURAGE#1;H4Lvd;;Negativ
DISCOURAGE#2;H4Lvd;;Negativ
DISCOURAGEMENT;H4;;Negativ
DISCREDIT;H4;;Negativ
DISCREET;H4Lvd;Positiv;
DISCREPANT;H4;;Negativ
DISCRETION;H4Lvd;Positiv;
DISCRIMINATE;H4;;Negativ
DISCUSS;H4Lvd;Positiv;
DISDAIN;H4;;Negativ
DISEASE;H4Lvd;;Negativ
DISEASED;H4;;Negativ
DISGRACE;H4Lvd;;Negativ
DISGUISE;H4;;Negativ
DISGUST#1;H4Lvd;;Negativ
DISGUST#2;H4Lvd;;Negativ
DISGUST#3;H4Lvd;;Negativ
DISGUST#4;H4Lvd;;Negativ
DISGUST#5;H4Lvd;;Negativ
DISHEARTEN;H4Lvd;;Negativ
DISHONEST;H4;;Negativ
DISHONOR;H4Lvd;;Negativ
DISINGENUOUS;H4;;Negativ
DISINTEREST;H4;;Negativ
DISLIKE#1;H4Lvd;;Negativ
DISLIKE#2;H4Lvd;;Negativ
DISMAL;H4Lvd;;Negativ
DISMISS#1;H4Lvd;;Negativ
DISMISS#2;H4Lvd;;Negativ
DISOBEDIENCE;H4;;Negativ
DISOBEDIENT;H4;;Negativ
DISORDER;H4Lvd;;Negativ
DISORGANIZED;H4Lvd;;Negativ
DISPEL;H4Lvd;;Negativ
DISPENSABILITY;H4;;Negativ
DISPENSE;H4;;Negativ
DISPLACE;H4Lvd;;Negativ
DISPLEASE;H4;;Negativ
DISPLEASURE;H4Lvd;;Negativ
DISPOSAL;H4Lvd;;Negativ
DISPOSE#1;H4Lvd;;Negativ
DISPOSE#2;H4Lvd;;Negativ
DISPROPORTIONATE;H4;;Negativ
DISPROVE;H4Lvd;;Negativ
DISPUTABLE;H4Lvd;;Negativ
DISPUTE#1;H4Lvd;;Negativ
DISPUTE#2;H4Lvd;;Negativ
DISREGARD;H4Lvd;;Negativ
DISRUPT;H4Lvd;;Negativ
DISRUPTION;H4;;Negativ
DISSATISFACTION;H4Lvd;;Negativ
DISSATISFIED;H4Lvd;;Negativ
DISSATISFY;H4;;Negativ
DISSENT;H4;;Negativ
DISSENTION;H4;;Negativ
DISSOLUTION;H4;;Negativ
DISTINCT;H4Lvd;Positiv;
DISTINCTION;H4Lvd;Positiv;
DISTINCTIVE;H4Lvd;Positiv;
DISTINGUISH#1;H4Lvd;Positiv;
DISTINGUISH#2;H4Lvd;Positiv;
DISTINGUISHED;H4;Positiv;
DISTORT;H4Lvd;;Negativ
DISTORTION;H4;;Negativ
DISTRACT;H4Lvd;;Negativ
DISTRACTING;H4;;Negativ
DISTRACTION;H4;;Negativ
DISTRESS#1;H4Lvd;;Negativ
DISTRESS#2;H4Lvd;;Negativ
DISTRUSTFUL;H4;;Negativ
DISTURB#1;H4Lvd;;Negativ
DISTURB#2;H4Lvd;;Negativ
DISTURB#3;H4Lvd;;Negativ
DISTURBANCE;H4Lvd;;Negativ
DIVERSION;H4Lvd;;Negativ
DIVERT;H4Lvd;;Negativ
DIVIDE#1;H4Lvd;;Negativ
DIVIDE#2;H4Lvd;;Negativ
DIVINE#1;H4Lvd;Positiv;
DIVINE#2;H4Lvd;Positiv;
DIVINITY;H4Lvd;Positiv;
DIVISION;H4Lvd;;Negativ
DIVORCE#1;H4Lvd;;Negativ
DIVORCE#2;H4Lvd;;Negativ
DIVORCE#3;H4Lvd;;Negativ
DIZZY;H4;;Negativ
DOLDRUMS;H4;;Negativ
DOMINANCE;H4;Positiv;
DOMINATE#1;H4Lvd;;Negativ
DOMINATE#2;H4Lvd;;Negativ
DOMINATE#3;H4Lvd;;Negativ
DOMINATION;H4Lvd;;Negativ
DONATE;H4;Positiv;
DONATION;H4;Positiv;
DOOM#1;H4Lvd;;Negativ
DOOM#2;H4Lvd;;Negativ
DOOMSDAY;H4;;Negativ
DOPE;H4;;Negativ
DOTE;H4;Positiv;
DOUBLE#3;H4Lvd;;Negativ
DOUBLE#4;H4Lvd;;Negativ
DOUBT#1;H4Lvd;;Negativ
DOUBT#2;H4Lvd;;Negativ
DOUBT#4;H4Lvd;;Negativ
DOUBTFUL;H4Lvd;;Negativ
DOUBTLESS;H4Lvd;Positiv;
DOWNCAST;H4;;Negativ
DOWNFALL;H4;;Negativ
DOWNHEARTED;H4;;Negativ
DRAB;H4;;Negativ
DRAG;H4Lvd;;Negativ
DREAD;H4Lvd;;Negativ
DREADFUL;H4Lvd;;Negativ
DREAMLAND;H4;Positiv;
DREARY;H4;;Negativ
DRIVE#2;H4Lvd;;Negativ
DROOP;H4;;Negativ
DROP#1;H4Lvd;;Negativ
DROP#3;H4Lvd;;Negativ
DROP#4;H4Lvd;;Negativ
DROUGHT;H4;;Negativ
DROWN#1;H4Lvd;;Negativ
DROWN#2;H4Lvd;;Negativ
DROWSINESS;H4;;Negativ
DROWSY;H4;;Negativ
DRUNK#1;H4Lvd;;Negativ
DRUNK#2;H4Lvd;;Negativ
DRUNKARD;H4;;Negativ
DRUNKEN;H4Lvd;;Negativ
DUBIOUS;H4Lvd;;Negativ
DULL;H4Lvd;;Negativ
DUMB;H4Lvd;;Negativ
DUMP#1;H4Lvd;;Negativ
DUMP#2;H4Lvd;;Negativ
DUNCE;H4;;Negativ
DUNGEON;H4;;Negativ
DURABILITY;H4;Positiv;
DURABLE;H4Lvd;Positiv;
DUTY;H4Lvd;;Negativ
DWINDLE;H4;;Negativ
DYING#1;H4Lvd;;Negativ
DYING#2;H4Lvd;;Negativ
DYNAMIC;H4Lvd;Positiv;
EAGER;H4Lvd;Positiv;
EAGERNESS;H4;Positiv;
EARNEST;H4Lvd;Positiv;
EARNESTNESS;H4;Positiv;
EASE#1;H4Lvd;Positiv;
EASE#2;H4Lvd;Positiv;
EASY#1;H4Lvd;Positiv;
EASY#2;H4Lvd;Positiv;
EASY#3;H4Lvd;Positiv;
EASY#4;H4Lvd;Positiv;
ECCENTRIC;H4;;Negativ
ECCENTRICITY;H4;;Negativ
ECONOMIZE;H4;Positiv;
ECSTASY;H4;Positiv;
ECSTATIC;H4;Positiv;
EDGE#4;H4Lvd;;Negativ
EDIBLE;H4;Positiv;
EDUCATED#1;H4Lvd;Positiv;
EDUCATION;H4Lvd;Positiv;
EDUCATIONAL;H4Lvd;Positiv;
EFFECTIVE;H4Lvd;Positiv;
EFFECTIVENESS;H4Lvd;Positiv;
EFFICACY;H4Lvd;Positiv;
EFFICIENCY;H4Lvd;Positiv;
EFFICIENT;H4Lvd;Positiv;
EGOTISTICAL;H4;;Negativ
ELABORATE;H4;Positiv;
ELABORATION;H4;Positiv;
ELATE;H4Lvd;Positiv;
ELEGANCE;H4;Positiv;
ELEGANT;H4Lvd;Positiv;
ELIMINATE;H4Lvd;;Negativ
ELIMINATION;H4Lvd;;Negativ
ELOQUENT;H4Lvd;Positiv;
EMBARRASS;H4;;Negativ
EMBARRASSMENT;H4Lvd;;Negativ
EMBELLISH;H4;Positiv;
EMBRACE#1;H4Lvd;Positiv;
EMBRACE#2;H4Lvd;Positiv;
EMERGENCY;H4Lvd;;Negativ
EMINENCE;H4;Positiv;
EMINENT;H4Lvd;Positiv;
EMPATHY;H4;Positiv;
EMPOWER;H4Lvd;Positiv;
EMPOWERMENT;H4;Positiv;
EMPTY#1;H4Lvd;;Negativ
EMPTY#2;H4Lvd;;Negativ
ENABLE;H4Lvd;Positiv;
ENCHANT#1;H4Lvd;Positiv;
ENCHANT#2;H4Lvd;Positiv;
ENCHANTMENT;H4;Positiv;
ENCOURAGE#1;H4Lvd;Positiv;
ENCOURAGE#2;H4Lvd;Positiv;
ENCOURAGEMENT;H4Lvd;Positiv;
ENCROACH;H4;;Negativ
ENCROACHMENT;H4Lvd;;Negativ
ENDANGER;H4Lvd;;Negativ
ENDEAR;H4;Positiv;
ENDORSE;H4Lvd;Positiv;
ENDOW;H4;Positiv;
ENDURANCE;H4Lvd;Positiv;
ENEMY;H4Lvd;;Negativ
ENERGETIC;H4Lvd;Positiv;
ENERGIZE;H4;Positiv;
ENFORCE;H4Lvd;;Negativ
ENGAGE#5;H4Lvd;Positiv;
ENGULF;H4Lvd;;Negativ
ENHANCE;H4Lvd;Positiv;
ENHANCEMENT;H4;Positiv;
ENJOY;H4Lvd;Positiv;
ENJOYABLE;H4Lvd;Positiv;
ENJOYMENT;H4Lvd;Positiv;
ENLIGHTEN#1;H4Lvd;Positiv;
ENLIGHTEN#2;H4Lvd;Positiv;
ENLIGHTENMENT;H4Lvd;Positiv;
ENRAGE;H4;;Negativ
ENRICH;H4Lvd;Positiv;
ENRICHMENT;H4;Positiv;
ENSEMBLE;H4;Positiv;
ENSLAVE;H4;;Negativ
ENSURE;H4Lvd;Positiv;
ENTANGLE;H4;;Negativ
ENTANGLEMENT;H4;;Negativ
ENTERTAIN#1;H4Lvd;Positiv;
ENTERTAIN#2;H4Lvd;Positiv;
ENTERTAINMENT;H4Lvd;Positiv;
ENTHUSIASM;H4Lvd;Positiv;
ENTHUSIASTIC;H4Lvd;Positiv;
ENTREAT;H4;;Negativ
ENTREPRENEURIAL;H4;Positiv;
ENTRUST;H4Lvd;Positiv;
ENVIOUS;H4Lvd;;Negativ
ENVISION;H4;Positiv;
ENVY;H4Lvd;;Negativ
EPIDEMIC;H4;;Negativ
EPITHET;H4Lvd;;Negativ
EQUALITY;H4Lvd;Positiv;
EQUITABLE;H4Lvd;Positiv;
EQUITY;H4Lvd;Positiv;
EQUIVOCAL;H4Lvd;;Negativ
ERADICATE;H4;;Negativ
ERASE;H4;;Negativ
ERODE;H4;;Negativ
EROSION;H4;;Negativ
ERR;H4;;Negativ
ERRONEOUS;H4;;Negativ
ERROR;H4Lvd;;Negativ
ESOTERIC;H4;;Negativ
ESSENTIAL#1;H4Lvd;Positiv;
ESSENTIAL#2;H4Lvd;Positiv;
ESTABLISH#1;H4Lvd;Positiv;
ESTABLISH#2;H4Lvd;Positiv;
ESTEEM;H4;Positiv;
ESTRANGED;H4;;Negativ
ETHICAL;H4Lvd;Positiv;
ETHICS;H4Lvd;Positiv;
ETIQUETTE;H4;Positiv;
EVADE;H4Lvd;;Negativ
EVASION;H4;;Negativ
EVEN#3;H4Lvd;;Negativ
EVEN#4;H4Lvd;Positiv;
EVEN#5;H4Lvd;Positiv;
EVERLASTING;H4;Positiv;
EVICT;H4;;Negativ
EVIL#1;H4Lvd;;Negativ
EVIL#2;H4Lvd;;Negativ
EXACT#1;H4;Positiv;
EXACT#2;H4;Positiv;
EXAGGERATION;H4;;Negativ
EXALT;H4;Positiv;
EXASPERATE;H4Lvd;;Negativ
EXASPERATION;H4;;Negativ
EXCEL;H4;Positiv;
EXCELLENCE;H4Lvd;Positiv;
EXCELLENT;H4Lvd;Positiv;
EXCEPTION#2;H4Lvd;;Negativ
EXCESS;H4Lvd;;Negativ
EXCESSIVE;H4Lvd;;Negativ
EXCITE#1;H4Lvd;Positiv;
EXCITE#2;H4Lvd;Positiv;
EXCITED#2;H4Lvd;Positiv;
EXCITEDNESS;H4;Positiv;
EXCITEMENT;H4Lvd;Positiv;
EXCLUDE;H4Lvd;;Negativ
EXCLUSION;H4Lvd;;Negativ
EXCOMMUNICATION;H4;;Negativ
EXECUTE;H4Lvd;;Negativ
EXEMPT;H4;;Negativ
EXERTION;H4;Positiv;
EXHAUST;H4;;Negativ
EXHAUSTION;H4;;Negativ
EXHILARATION;H4;Positiv;
EXILE;H4;;Negativ
EXIT;H4;;Negativ
EXOTIC;H4;Positiv;
EXPEDIENT;H4Lvd;;Negativ
EXPEL;H4;;Negativ
EXPENSE#1;H4Lvd;;Negativ
EXPENSE#2;H4Lvd;;Negativ
EXPENSIVE;H4Lvd;;Negativ
EXPERIENCE#1;H4Lvd;Positiv;
EXPERIENCE#3;H4Lvd;Positiv;
EXPERT#1;H4Lvd;Positiv;
EXPERT#2;H4Lvd;Positiv;
EXPLODE;H4;;Negativ
EXPLOIT#2;H4Lvd;;Negativ
EXPLOSION;H4Lvd;;Negativ
EXPLOSIVE;H4Lvd;;Negativ
EXPOSE;H4Lvd;;Negativ
EXQUISITE;H4;Positiv;
EXTERMINATE;H4;;Negativ
EXTERMINATION;H4;;Negativ
EXTINCT;H4Lvd;;Negativ
EXTINGUISH;H4Lvd;;Negativ
EXTOL;H4;Positiv;
EXTRAORDINARY;H4Lvd;Positiv;
EXTRAVAGANCE;H4Lvd;Positiv;
EXTRAVAGANT;H4Lvd;;Negativ
EXUBERANCE;H4;Positiv;
EXUBERANT;H4;Positiv;
EXULT;H4;Positiv;
EXULTATION;H4;Positiv;
EYE#3;H4Lvd;Positiv;
FABRICATE;H4;;Negativ
FABRICATION;H4;;Negativ
FABULOUS;H4;Positiv;
FACILITATE;H4Lvd;Positiv;
FACTUAL;H4;Positiv;
FAIL#1;H4Lvd;;Negativ
FAIL#2;H4Lvd;;Negativ
FAIL#3;H4Lvd;;Negativ
FAIL#4;H4Lvd;;Negativ
FAILURE;H4Lvd;;Negativ
FAINT;H4Lvd;;Negativ
FAIR#1;H4Lvd;Positiv;
FAIR#4;H4Lvd;Positiv;
FAIR#5;H4Lvd;Positiv;
FAIRNESS;H4;Positiv;
FAITH#1;H4Lvd;Positiv;
FAITH#2;H4Lvd;Positiv;
FAITHFUL;H4Lvd;Positiv;
FAITHFULNESS;H4;Positiv;
FAKE;H4;;Negativ
FALL#7;H4Lvd;;Negativ
FALLACY;H4;;Negativ
FALLOUT;H4Lvd;;Negativ
FALSE;H4Lvd;;Negativ
FALSEHOOD;H4;;Negativ
FALTER;H4Lvd;;Negativ
FAME;H4Lvd;Positiv;
FAMILIAR;H4Lvd;Positiv;
FAMILIARITY;H4Lvd;Positiv;
FAMILIARIZE;H4;Positiv;
FAMINE;H4Lvd;;Negativ
FAMISHED;H4;;Negativ
FAMOUS;H4Lvd;Positiv;
FANATIC;H4;;Negativ
FANATICAL;H4;;Negativ
FANCY;H4Lvd;Positiv;
FANTASTIC;H4Lvd;Positiv;
FANTASY;H4;Positiv;
FARCE;H4;;Negativ
FARSIGHTED;H4;Positiv;
FASCINATION;H4;Positiv;
FASCIST;H4Lvd;;Negativ
FASHIONABLE;H4;Positiv;
FAT#1;H4Lvd;;Negativ
FAT#2;H4Lvd;;Negativ
FAT#3;H4Lvd;;Negativ
FATAL;H4Lvd;;Negativ
FATALISTIC;H4;;Negativ
FATIGUE;H4Lvd;;Negativ
FAULT;H4Lvd;;Negativ
FAVOR#1;H4Lvd;Positiv;
FAVOR#2;H4Lvd;Positiv;
FAVOR#3;H4Lvd;Positiv;
FAVOR#4;H4Lvd;Positiv;
FAVOR#5;H4Lvd;Positiv;
FAVORABLE;H4Lvd;Positiv;
FAVORITE;H4Lvd;Positiv;
FEAR#1;H4Lvd;;Negativ
FEAR#2;H4Lvd;;Negativ
FEAR#3;H4Lvd;;Negativ
FEARFUL;H4Lvd;;Negativ
FEARLESS;H4;Positiv;
FEARSOME;H4;;Negativ
FEASIBLE;H4;Positiv;
FEAST#1;H4Lvd;Positiv;
FEAST#2;H4Lvd;Positiv;
FED#2;H4Lvd;;Negativ
FEEBLE;H4Lvd;;Negativ
FEIGN;H4;;Negativ
FEINT;H4;;Negativ
FELLOW#2;H4Lvd;Positiv;
FELLOWSHIP;H4Lvd;Positiv;
FEROCIOUS;H4;;Negativ
FEROCITY;H4;;Negativ
FERTILE;H4;Positiv;
FERVENT;H4;Positiv;
FERVOR;H4;Positiv;
FESTIVAL;H4Lvd;Positiv;
FESTIVE;H4;Positiv;
FESTIVITY;H4;Positiv;
FEUD;H4;;Negativ
FEUDAL;H4;;Negativ
FEVER;H4Lvd;;Negativ
FEVERISH;H4Lvd;;Negativ
FIASCO;H4;;Negativ
FICKLE;H4;;Negativ
FIDELITY;H4Lvd;Positiv;
FIDGET;H4;;Negativ
FIEND;H4;;Negativ
FIERCE;H4Lvd;;Negativ
FIERY;H4;Positiv;
FIGHT#1;H4Lvd;;Negativ
FIGHT#2;H4Lvd;;Negativ
FIGHT#3;H4Lvd;;Negativ
FIGHTER;H4Lvd;;Negativ
FILIAL;H4;Positiv;
FILL#4;H4Lvd;Positiv;
FILTH;H4;;Negativ
FILTHY;H4;;Negativ
FINE#1;H4Lvd;Positiv;
FINE#2;H4Lvd;Positiv;
FINE#3;H4Lvd;Positiv;
FINE#4;H4Lvd;Positiv;
FINE#5;H4Lvd;Positiv;
FINE#6;H4Lvd;;Negativ
FINE#7;H4Lvd;;Negativ
FIRE#1;H4Lvd;;Negativ
FIRE#2;H4Lvd;;Negativ
FIRE#3;H4Lvd;;Negativ
FIRMNESS;H4Lvd;Positiv;
FIST;H4Lvd;;Negativ
FIT#2;H4Lvd;Positiv;
FIT#5;H4Lvd;Positiv;
FITNESS;H4;Positiv;
FIX#5;H4Lvd;;Negativ
FLAGRANT;H4;;Negativ
FLAIR;H4;Positiv;
FLASHY;H4;Positiv;
FLATTER;H4Lvd;Positiv;
FLATTERY;H4;Positiv;
FLAUNT;H4;Positiv;
FLAW;H4;;Negativ
FLAWLESS;H4;Positiv;
FLED;H4Lvd;;Negativ
FLEE;H4;;Negativ
FLEETING;H4;;Negativ
FLEXIBLE;H4Lvd;Positiv;
FLIMSY;H4;;Negativ
FLIRT;H4;Positiv;
FLOOR#5;H4Lvd;;Negativ
FLOUNDER;H4;;Negativ
FLOURISH;H4Lvd;Positiv;
FLUENT;H4;Positiv;
FOE;H4Lvd;;Negativ
FOIBLE;H4;;Negativ
FOND#1;H4Lvd;Positiv;
FOND#2;H4Lvd;Positiv;
FOND#3;H4Lvd;Positiv;
FOND#4;H4Lvd;Positiv;
FOND#5;H4Lvd;Positiv;
FOND#6;H4Lvd;Positiv;
FOND#7;H4Lvd;Positiv;
FONDNESS;H4;Positiv;
FOOL#1;H4Lvd;;Negativ
FOOL#2;H4Lvd;;Negativ
FOOLISH;H4Lvd;;Negativ
FOOLISHNESS;H4;;Negativ
FORBID;H4Lvd;;Negativ
FORBIDDEN;H4Lvd;;Negativ
FORCE#3;H4Lvd;;Negativ
FORCE#5;H4Lvd;;Negativ
FORCE#6;H4Lvd;;Negativ
FOREBODING;H4;;Negativ
FOREIGN#2;H4Lvd;;Negativ
FOREMOST;H4Lvd;Positiv;
FORESIGHT;H4Lvd;Positiv;
FORFEIT;H4Lvd;;Negativ
FORGAVE;H4Lvd;Positiv;
FORGETFULNESS;H4;;Negativ
FORGIVE;H4Lvd;Positiv;
FORGIVEN;H4Lvd;Positiv;
FORGIVENESS;H4Lvd;Positiv;
FORLORN;H4;;Negativ
FORMALITY;H4;Positiv;
FORMIDABLE;H4Lvd;;Negativ
FORSAKE;H4;;Negativ
FORTIFY;H4Lvd;Positiv;
FORTITUDE;H4Lvd;Positiv;
FORTUNATE;H4Lvd;Positiv;
FORWARD#1;H4Lvd;Positiv;
FOSTER;H4Lvd;Positiv;
FOUGHT;H4Lvd;;Negativ
FOUNDER#2;H4Lvd;;Negativ
FRACTURE;H4;;Negativ
FRAGILE;H4;;Negativ
FRAGRANT;H4;Positiv;
FRANK;H4Lvd;Positiv;
FRANTIC;H4Lvd;;Negativ
FRANTICALLY;H4;;Negativ
FRAUD;H4Lvd;;Negativ
FRAUDULENT;H4;;Negativ
FRAUGHT;H4;;Negativ
FREAK;H4;;Negativ
FREE#1;H4Lvd;Positiv;
FREE#2;H4Lvd;Positiv;
FREE#3;H4Lvd;Positiv;
FREE#4;H4Lvd;Positiv;
FREE#5;H4Lvd;Positiv;
FREEDOM;H4Lvd;Positiv;
FRESH;H4Lvd;Positiv;
FRET;H4;;Negativ
FRETFUL;H4;;Negativ
FRIEND;H4Lvd;Positiv;
FRIENDLY;H4Lvd;Positiv;
FRIENDSHIP;H4Lvd;Positiv;
FRIGHTEN#1;H4Lvd;;Negativ
FRIGHTEN#2;H4Lvd;;Negativ
FRIGHTEN#3;H4Lvd;;Negativ
FRIGHTFUL;H4;;Negativ
FRIGID;H4;;Negativ
FRIVOLOUS;H4;;Negativ
FROLIC;H4;Positiv;
FRONT#3;H4Lvd;;Negativ
FROWN#1;H4Lvd;;Negativ
FROWN#2;H4Lvd;;Negativ
FRUGAL;H4;Positiv;
FRUITFUL;H4Lvd;Positiv;
FRUITION;H4;Positiv;
FRUITLESS;H4Lvd;;Negativ
FRUSTRATE#1;H4Lvd;;Negativ
FRUSTRATE#2;H4Lvd;;Negativ
FRUSTRATE#3;H4Lvd;;Negativ
FRUSTRATION;H4Lvd;;Negativ
FUGITIVE;H4;;Negativ
FULFILL;H4Lvd;Positiv;
FULFILLMENT;H4Lvd;Positiv;
FULLNESS;H4;Positiv;
FUMBLE;H4;;Negativ
FUN#1;H4Lvd;Positiv;
FUN#2;H4Lvd;;Negativ
FUNNY#1;H4Lvd;Positiv;
FUNNY#2;H4Lvd;Positiv;
FUNNY#3;H4Lvd;Positiv;
FURIOUS;H4Lvd;;Negativ
FURY;H4Lvd;;Negativ
FUSS;H4;;Negativ
FUSSY;H4;;Negativ
FUTILITY;H4Lvd;;Negativ
GAIETY;H4Lvd;Positiv;
GAILY;H4;Positiv;
GAIN#1;H4Lvd;Positiv;
GAIN#2;H4Lvd;Positiv;
GALL;H4;;Negativ
GALLANT;H4;Positiv;
GALLANTRY;H4;Positiv;
GAMBLE#1;H4Lvd;;Negativ
GAMBLE#2;H4Lvd;;Negativ
GAME#3;H4;Positiv;
GARNISH;H4;Positiv;
GASH;H4;;Negativ
GAUDY;H4Lvd;;Negativ
GAY;H4Lvd;Positiv;
GENERATE;H4;Positiv;
GENEROSITY;H4;Positiv;
GENEROUS;H4Lvd;Positiv;
GENIAL;H4Lvd;Positiv;
GENIUS;H4Lvd;Positiv;
GENTLE;H4Lvd;Positiv;
GENUINE;H4Lvd;Positiv;
GERM;H4Lvd;;Negativ
GET#5;H4;;Negativ
GHASTLY;H4Lvd;;Negativ
GHETTO;H4Lvd;;Negativ
GIDDY;H4;Positiv;
GIFT;H4Lvd;Positiv;
GIFTED;H4Lvd;Positiv;
GIVE#1;H4Lvd;Positiv;
GIVE#4;H4Lvd;Positiv;
GLAD#1;H4Lvd;Positiv;
GLAD#2;H4Lvd;Positiv;
GLADDEN;H4Lvd;Positiv;
GLADNESS;H4;Positiv;
GLAMOROUS;H4;Positiv;
GLAMOUR;H4;Positiv;
GLARE;H4;;Negativ
GLEAM#1;H4Lvd;Positiv;
GLEAM#2;H4Lvd;Positiv;
GLEAN;H4;Positiv;
GLEE;H4;Positiv;
GLIMMER;H4;Positiv;
GLISTEN#1;H4Lvd;Positiv;
GLISTEN#2;H4Lvd;Positiv;
GLITTER#1;H4Lvd;Positiv;
GLITTER#2;H4Lvd;Positiv;
GLOAT;H4;;Negativ
GLOOM;H4Lvd;;Negativ
GLOOMY;H4Lvd;;Negativ
GLORIFY;H4;Positiv;
GLORIOUS;H4Lvd;Positiv;
GLORY;H4Lvd;Positiv;
GLOSSY;H4;Positiv;
GLOW#1;H4Lvd;Positiv;
GLOW#2;H4Lvd;Positiv;
GLUM;H4;;Negativ
GODDAMN;H4Lvd;;Negativ
GODLIKE;H4;Positiv;
GODLINESS;H4;Positiv;
GOLD;H4Lvd;Positiv;
GOLDEN;H4Lvd;Positiv;
GOOD#1;H4Lvd;Positiv;
GOODBYE;H4;Positiv;
GOODNESS;H4Lvd;Positiv;
GORGEOUS;H4;Positiv;
GRAB;H4Lvd;;Negativ
GRACE;H4Lvd;Positiv;
GRACEFUL;H4Lvd;Positiv;
GRACIOUS;H4Lvd;Positiv;
GRADUATION;H4;Positiv;
GRAND;H4Lvd;Positiv;
GRANDEUR;H4;Positiv;
GRAPPLE;H4Lvd;;Negativ
GRATEFUL;H4Lvd;Positiv;
GRATIFICATION;H4Lvd;Positiv;
GRATIFY;H4Lvd;Positiv;
GRATITUDE;H4Lvd;Positiv;
GRATUITOUS;H4;;Negativ
GRAVE#1;H4Lvd;;Negativ
GRAVE#2;H4Lvd;;Negativ
GRAVE#3;H4Lvd;;Negativ
GRAVE#4;H4Lvd;;Negativ
GRAVE#5;H4Lvd;;Negativ
GREAT#1;H4Lvd;Positiv;
GREAT#2;H4Lvd;Positiv;
GREAT#3;H4Lvd;Positiv;
GREATNESS;H4Lvd;Positiv;
GREET#1;H4Lvd;Positiv;
GREET#2;H4Lvd;Positiv;
GRIEF;H4Lvd;;Negativ
GRIEVANCE;H4Lvd;;Negativ
GRIEVE;H4Lvd;;Negativ
GRIM;H4Lvd;;Negativ
GRIZZLY;H4;;Negativ
GROOM;H4;Positiv;
GROTESQUE;H4Lvd;;Negativ
GROWL;H4;;Negativ
GRUDGE;H4Lvd;;Negativ
GRUFF;H4;;Negativ
GRUMBLE;H4Lvd;;Negativ
GUARANTEE#1;H4Lvd;Positiv;
GUARANTEE#2;H4Lvd;Positiv;
GUARDIAN;H4Lvd;Positiv;
GUERRILLA;H4Lvd;;Negativ
GUIDE#1;H4Lvd;Positiv;
GUIDE#2;H4Lvd;Positiv;
GUIDE#4;H4Lvd;Positiv;
GUILT;H4Lvd;;Negativ
GUILTY;H4Lvd;;Negativ
GUISE;H4;;Negativ
GULLIBLE;H4;;Negativ
GUN;H4Lvd;;Negativ
GUNMEN;H4Lvd;;Negativ
GUSTO;H4;Positiv;
HACK;H4;;Negativ
HACKNEY;H4;;Negativ
HAG;H4;;Negativ
HAGGARD;H4;;Negativ
HALLOWED;H4;Positiv;
HAMPER;H4Lvd;;Negativ
HAND#6;H4;;Negativ
HAND#9;H4;Positiv;
HANDICAP;H4Lvd;;Negativ
HANDSOME;H4Lvd;Positiv;
HANDY;H4Lvd;Positiv;
HANG#3;H4Lvd;;Negativ
HANG#6;H4Lvd;;Negativ
HAPHAZARD;H4Lvd;;Negativ
HAPLESS;H4;;Negativ
HAPPINESS;H4Lvd;Positiv;
HAPPY#1;H4Lvd;Positiv;
HAPPY#2;H4Lvd;Positiv;
HAPPY#3;H4Lvd;Positiv;
HAPPY#4;H4Lvd;Positiv;
HARASS;H4;;Negativ
HARASSMENT;H4;;Negativ
HARD#1;H4Lvd;;Negativ
HARD#5;H4Lvd;;Negativ
HARDSHIP;H4Lvd;;Negativ
HARDY;H4Lvd;Positiv;
HARM#1;H4Lvd;;Negativ
HARM#2;H4Lvd;;Negativ
HARMFUL;H4Lvd;;Negativ
HARMLESS;H4Lvd;Positiv;
HARMONIOUS;H4Lvd;Positiv;
HARMONIZE;H4Lvd;Positiv;
HARMONY;H4Lvd;Positiv;
HARNESS;H4;Positiv;
HARSH;H4Lvd;;Negativ
HASSLE;H4;;Negativ
HATE#1;H4Lvd;;Negativ
HATE#2;H4Lvd;;Negativ
HATE#3;H4Lvd;;Negativ
HATER;H4Lvd;;Negativ
HATRED;H4Lvd;;Negativ
HAUGHTY;H4;;Negativ
HAUNT;H4Lvd;;Negativ
HAVEN;H4;Positiv;
HAVOC;H4;;Negativ
HAZARD#1;H4Lvd;;Negativ
HAZARD#2;H4Lvd;;Negativ
HAZARDOUS;H4Lvd;;Negativ
HAZINESS;H4Lvd;;Negativ
HAZY;H4;;Negativ
HEADACHE;H4Lvd;;Negativ
HEAL;H4Lvd;Positiv;
HEALTH;H4Lvd;Positiv;
HEALTHFUL;H4;Positiv;
HEALTHY#1;H4Lvd;Positiv;
HEALTHY#2;H4Lvd;Positiv;
HEALTHY#3;H4Lvd;Positiv;
HEART#4;H4Lvd;Positiv;
HEARTILY;H4;Positiv;
HEARTLESS;H4;;Negativ
HEAVEN;H4Lvd;Positiv;
HEAVENLY;H4Lvd;Positiv;
HECTIC;H4;;Negativ
HEDGE;H4Lvd;;Negativ
HEDONISTIC;H4;;Negativ
HEEDLESS;H4;;Negativ
HEINOUS;H4;;Negativ
HELL;H4Lvd;;Negativ
HELP#1;H4Lvd;Positiv;
HELP#2;H4Lvd;Positiv;
HELP#3;H4Lvd;;Negativ
HELP#4;H4Lvd;Positiv;
HELPFUL;H4Lvd;Positiv;
HELPLESS;H4Lvd;;Negativ
HELPLESSNESS;H4;;Negativ
HERO;H4Lvd;Positiv;
HEROIC;H4Lvd;Positiv;
HEROINE;H4Lvd;Positiv;
HEROISM;H4Lvd;Positiv;
HIDEOUS;H4Lvd;;Negativ
HIGHLIGHT;H4;Positiv;
HILARIOUS;H4;Positiv;
HINDER;H4Lvd;;Negativ
HINDRANCE;H4Lvd;;Negativ
HIT#1;H4Lvd;;Negativ
HIT#4;H4Lvd;;Negativ
HIT#5;H4Lvd;Positiv;
HOARD;H4;;Negativ
HOBBLE;H4;;Negativ
HOLE#2;H4Lvd;;Negativ
HOLE#3;H4Lvd;;Negativ
HOLLOW;H4Lvd;;Negativ
HOLY;H4Lvd;Positiv;
HOMAGE;H4Lvd;Positiv;
HOME;H4Lvd;Positiv;
HOMELY;H4Lvd;;Negativ
HONEST#1;H4Lvd;Positiv;
HONEST#2;H4Lvd;Positiv;
HONEST#3;H4Lvd;Positiv;
HONEYMOON;H4Lvd;Positiv;
HONOR#1;H4Lvd;Positiv;
HONOR#2;H4Lvd;Positiv;
HONOR#3;H4Lvd;Positiv;
HONORABLE;H4Lvd;Positiv;
HOPE#1;H4Lvd;Positiv;
HOPE#2;H4Lvd;Positiv;
HOPEFUL;H4Lvd;Positiv;
HOPELESS;H4Lvd;;Negativ
HORDE;H4;;Negativ
HORN#3;H4Lvd;;Negativ
HORRIBLE;H4Lvd;;Negativ
HORRID;H4;;Negativ
HORRIFY;H4;;Negativ
HORROR;H4Lvd;;Negativ
HOSPITABLE;H4Lvd;Positiv;
HOSTILE;H4Lvd;;Negativ
HOSTILITY;H4Lvd;;Negativ
HOT#6;H4Lvd;;Negativ
HUG;H4;Positiv;
HUMAN;H4Lvd;Positiv;
HUMANITARIAN;H4;Positiv;
HUMANITY;H4Lvd;Positiv;
HUMBLE;H4Lvd;Positiv;
HUMILIATE;H4Lvd;;Negativ
HUMILIATION;H4;;Negativ
HUMILITY;H4Lvd;Positiv;
HUMOR;H4Lvd;Positiv;
HUMOROUS;H4Lvd;Positiv;
HUNG#3;H4Lvd;;Negativ
HUNGER;H4Lvd;;Negativ
HUNGRY;H4Lvd;;Negativ
HUNT#1;H4Lvd;;Negativ
HUNT#2;H4Lvd;;Negativ
HUNT#3;H4Lvd;;Negativ
HUNTER;H4Lvd;;Negativ
HURT#1;H4Lvd;;Negativ
HURT#2;H4Lvd;;Negativ
HURTFUL;H4;;Negativ
HUSTLE;H4;;Negativ
HUSTLER;H4;;Negativ
HYGIENE;H4;Positiv;
HYPOCRISY;H4;;Negativ
HYPOCRITE;H4;;Negativ
HYSTERIA;H4;;Negativ
HYSTERICAL;H4Lvd;;Negativ
IDEAL#1;H4Lvd;Positiv;
IDEAL#2;H4Lvd;Positiv;
IDEAL#3;H4Lvd;Positiv;
IDEALISM;H4;Positiv;
IDIOT;H4;;Negativ
IDIOTIC;H4;;Negativ
IDLENESS;H4;;Negativ
IDOL;H4;Positiv;
IDOLIZE;H4;Positiv;
IGNOBLE;H4;;Negativ
IGNORANCE;H4Lvd;;Negativ
IGNORANT;H4Lvd;;Negativ
ILL#1;H4Lvd;;Negativ
ILL#2;H4Lvd;;Negativ
ILL#3;H4Lvd;;Negativ
ILL#4;H4Lvd;;Negativ
ILLEGAL;H4Lvd;;Negativ
ILLEGALITY;H4;;Negativ
ILLITERATE;H4;;Negativ
ILLNESS;H4Lvd;;Negativ
ILLOGICAL;H4;;Negativ
ILLUMINATE;H4;Positiv;
ILLUSTRIOUS;H4;Positiv;
IMAGINATION;H4Lvd;Positiv;
IMAGINATIVE;H4Lvd;Positiv;
IMMACULATE;H4;Positiv;
IMMATURE;H4Lvd;;Negativ
IMMOBILITY;H4;;Negativ
IMMORAL;H4;;Negativ
IMMORALITY;H4;;Negativ
IMMORTAL;H4;Positiv;
IMMOVABLE;H4;;Negativ
IMPAIR;H4Lvd;;Negativ
IMPARTIAL;H4Lvd;Positiv;
IMPARTIALITY;H4;Positiv;
IMPASSE;H4;;Negativ
IMPATIENCE;H4Lvd;;Negativ
IMPATIENT;H4Lvd;;Negativ
IMPEDE;H4Lvd;;Negativ
IMPEDIMENT;H4Lvd;;Negativ
IMPERATIVE;H4Lvd;Positiv;
IMPERFECT;H4;;Negativ
IMPERSONAL;H4Lvd;;Negativ
IMPERVIOUS;H4;Positiv;
IMPETUOUS;H4;;Negativ
IMPETUS;H4;Positiv;
IMPLICATE;H4Lvd;;Negativ
IMPLORE;H4;;Negativ
IMPORTANCE;H4Lvd;Positiv;
IMPORTANT;H4Lvd;Positiv;
IMPOSE;H4Lvd;;Negativ
IMPRECISION;H4;;Negativ
IMPRESS#1;H4Lvd;Positiv;
IMPRESSIVE;H4Lvd;Positiv;
IMPRISON;H4;;Negativ
IMPRISONMENT;H4;;Negativ
IMPROPER;H4;;Negativ
IMPROVE#1;H4Lvd;Positiv;
IMPROVE#2;H4Lvd;Positiv;
IMPROVE#3;H4Lvd;Positiv;
IMPROVEMENT;H4Lvd;Positiv;
IMPULSIVE;H4;;Negativ
IMPUNITY;H4;Positiv;
IMPURE;H4;;Negativ
IMPURITY;H4;;Negativ
INABILITY;H4Lvd;;Negativ
INACCESSIBLE;H4;;Negativ
INACCURACY;H4;;Negativ
INADEQUATE;H4Lvd;;Negativ
INANE;H4;;Negativ
INAUGURATE;H4;Positiv;
INAUGURATION;H4;Positiv;
INCAPABLE;H4Lvd;;Negativ
INCESSANT;H4Lvd;;Negativ
INCOMPATIBILITY;H4Lvd;;Negativ
INCOMPATIBLE;H4Lvd;;Negativ
INCOMPETENCE;H4Lvd;;Negativ
INCOMPETENT;H4;;Negativ
INCONSISTENCY;H4;;Negativ
INCONVENIENT;H4Lvd;;Negativ
INCORRECT;H4Lvd;;Negativ
INCREDIBLE;H4Lvd;;Negativ
INCURABLE;H4;;Negativ
INDECENT;H4;;Negativ
INDEFINITE;H4Lvd;;Negativ
INDEPENDENCE;H4Lvd;Positiv;
INDEPENDENT#1;H4Lvd;Positiv;
INDEPENDENT#2;H4Lvd;Positiv;
INDESCRIBABLE;H4;Positiv;
INDETERMINABLE;H4;;Negativ
INDETERMINATE;H4;;Negativ
INDICATIVE;H4;Positiv;
INDICTMENT;H4Lvd;;Negativ
INDIFFERENCE;H4Lvd;;Negativ
INDIFFERENT;H4;;Negativ
INDIGNATION;H4;;Negativ
INDISPENSABILITY;H4;Positiv;
INDISPENSABLE;H4Lvd;Positiv;
INDIVIDUALITY;H4Lvd;Positiv;
INDOMITABLE;H4;Positiv;
INDULGE;H4Lvd;;Negativ
INDULGENCE;H4;Positiv;
INDUSTRIOUS;H4Lvd;Positiv;
INEFFECTIVE;H4Lvd;;Negativ
INEFFECTIVENESS;H4;;Negativ
INEFFECTUAL;H4Lvd;;Negativ
INEFFECTUALNESS;H4;;Negativ
INEFFICIENCY;H4;;Negativ
INEQUALITY;H4Lvd;;Negativ
INEXACT;H4;;Negativ
INEXPENSIVE;H4;Positiv;
INEXPLICABLE;H4Lvd;;Negativ
INFALLIBILITY;H4;Positiv;
INFALLIBLE;H4Lvd;Positiv;
INFAMOUS;H4Lvd;;Negativ
INFECT;H4;;Negativ
INFECTION;H4;;Negativ
INFER;H4;Positiv;
INFERENCE;H4;Positiv;
INFERIOR;H4Lvd;;Negativ
INFERIORITY;H4Lvd;;Negativ
INFEST;H4;;Negativ
INFILTRATION;H4Lvd;;Negativ
INFLAME;H4;;Negativ
INFLATION;H4Lvd;;Negativ
INFLICT;H4Lvd;;Negativ
INFORM#1;H4Lvd;Positiv;
INFORM#2;H4Lvd;Positiv;
INFRACTION;H4;;Negativ
INFRINGEMENT;H4Lvd;;Negativ
INFURIATE;H4;;Negativ
INGENIOUS;H4;Positiv;
INGENUITY;H4;Positiv;
INGRATITUDE;H4;;Negativ
INHERIT;H4;Positiv;
INHIBIT;H4Lvd;;Negativ
INHIBITION;H4Lvd;;Negativ
INHUMANE;H4;;Negativ
INJUNCTION;H4Lvd;;Negativ
INJURE;H4Lvd;;Negativ
INJURIOUS;H4Lvd;;Negativ
INJURY;H4Lvd;;Negativ
INNOCENCE;H4Lvd;Positiv;
INNOCENT;H4Lvd;Positiv;
INNOVATE;H4;Positiv;
INNOVATIVE;H4;Positiv;
INQUISITIVE;H4;Positiv;
INSANE;H4;;Negativ
INSECURE;H4Lvd;;Negativ
INSECURITY;H4Lvd;;Negativ
INSENSIBLE;H4;;Negativ
INSEPARABLE;H4Lvd;Positiv;
INSIDIOUS;H4Lvd;;Negativ
INSIGHT;H4Lvd;Positiv;
INSIGNIFICANT;H4Lvd;;Negativ
INSINUATE;H4Lvd;;Negativ
INSISTENT;H4Lvd;Positiv;
INSOLENCE;H4;;Negativ
INSOLENT;H4;;Negativ
INSPIRATION;H4Lvd;Positiv;
INSPIRATIONAL;H4;Positiv;
INSPIRE#1;H4Lvd;Positiv;
INSPIRE#2;H4Lvd;Positiv;
INSTABILITY;H4Lvd;;Negativ
INSTABLE;H4Lvd;;Negativ
INSTINCTIVE;H4;Positiv;
INSUFFICIENCY;H4;;Negativ
INSUFFICIENT;H4Lvd;;Negativ
INSULT;H4Lvd;;Negativ
INTEGRITY;H4Lvd;Positiv;
INTELLECT;H4Lvd;Positiv;
INTELLECTUAL#1;H4Lvd;Positiv;
INTELLECTUAL#2;H4Lvd;Positiv;
INTELLECTUAL#3;H4Lvd;Positiv;
INTELLIGENCE;H4Lvd;Positiv;
INTELLIGENT;H4Lvd;Positiv;
INTELLIGIBLE;H4Lvd;Positiv;
INTERCEDE;H4;Positiv;
INTERCOURSE;H4Lvd;Positiv;
INTEREST#1;H4Lvd;Positiv;
INTEREST#3;H4Lvd;Positiv;
INTEREST#4;H4Lvd;Positiv;
INTERESTED#1;H4Lvd;Positiv;
INTERESTED#2;H4Lvd;Positiv;
INTERFERE;H4Lvd;;Negativ
INTERFERENCE;H4Lvd;;Negativ
INTERPOSE;H4;Positiv;
INTERRUPT;H4Lvd;;Negativ
INTERRUPTION;H4Lvd;;Negativ
INTERVENTION;H4Lvd;;Negativ
INTIMACY;H4Lvd;Positiv;
INTIMATE;H4Lvd;Positiv;
INTIMIDATE;H4;;Negativ
INTOLERABLE;H4Lvd;;Negativ
INTOXICATE;H4;;Negativ
INTRICATE;H4;Positiv;
INTRIGUE;H4Lvd;Positiv;
INTRUDE;H4;;Negativ
INTRUDER;H4;;Negativ
INTRUSION;H4;;Negativ
INUNDATE;H4;;Negativ
INUNDATED;H4;;Negativ
INVADE;H4Lvd;;Negativ
INVALID;H4Lvd;;Negativ
INVALUABLE;H4Lvd;Positiv;
INVENTOR;H4Lvd;Positiv;
INVINCIBLE;H4Lvd;Positiv;
INVISIBLE;H4;;Negativ
INVITATION;H4Lvd;Positiv;
INVITE#1;H4Lvd;Positiv;
INVITE#2;H4Lvd;Positiv;
INVOLUNTARY;H4;;Negativ
INVOLVE#5;H4Lvd;;Negativ
INVULNERABLE;H4;Positiv;
IRK;H4Lvd;;Negativ
IRON#3;H4Lvd;;Negativ
IRON#5;H4Lvd;;Negativ
IRONIC;H4Lvd;;Negativ
IRONY;H4Lvd;;Negativ
IRRATIONAL;H4Lvd;;Negativ
IRREGULAR;H4Lvd;;Negativ
IRREGULARITY;H4Lvd;;Negativ
IRRESISTIBLE;H4;Positiv;
IRRESPONSIBLE;H4Lvd;;Negativ
IRRITABLE;H4Lvd;;Negativ
IRRITATION;H4Lvd;;Negativ
ISOLATE#1;H4Lvd;;Negativ
ISOLATE#2;H4Lvd;;Negativ
JAIL#1;H4Lvd;;Negativ
JAIL#2;H4Lvd;;Negativ
JAR#2;H4Lvd;;Negativ
JEER;H4;;Negativ
JEOPARDIZE;H4Lvd;;Negativ
JEOPARDY;H4;;Negativ
JERK#1;H4Lvd;;Negativ
JERK#2;H4Lvd;;Negativ
JEST;H4;Positiv;
JITTERY;H4;;Negativ
JOBLESS;H4;;Negativ
JOIN#2;H4Lvd;Positiv;
JOINTLY;H4Lvd;Positiv;
JOKE#1;H4Lvd;Positiv;
JOKE#2;H4Lvd;Positiv;
JOKE#3;H4Lvd;Positiv;
JOLLY;H4;Positiv;
JOY;H4Lvd;Positiv;
JOYFUL;H4Lvd;Positiv;
JUBILANT;H4Lvd;Positiv;
JUBILEE;H4;Positiv;
JUMPY;H4;;Negativ
JUNK;H4;;Negativ
JUST#3;H4Lvd;Positiv;
JUST#4;H4Lvd;Positiv;
JUSTICE;H4Lvd;Positiv;
JUSTIFIABLY;H4Lvd;Positiv;
JUSTIFICATION;H4Lvd;Positiv;
JUSTIFY;H4Lvd;Positiv;
KEEN;H4Lvd;Positiv;
KICK#1;H4Lvd;;Negativ
KICK#3;H4Lvd;;Negativ
KICK#4;H4Lvd;;Negativ
KID#2;H4Lvd;Positiv;
KIDNAP;H4;;Negativ
KILL#1;H4Lvd;;Negativ
KILL#2;H4Lvd;;Negativ
KILLER;H4Lvd;;Negativ
KIND#2;H4Lvd;Positiv;
KIND#5;H4Lvd;Positiv;
KINDNESS;H4Lvd;Positiv;
KISS#1;H4Lvd;Positiv;
KISS#2;H4Lvd;Positiv;
KNIFE#2;H4Lvd;;Negativ
KNOCK#1;H4Lvd;;Negativ
KNOCK#2;H4Lvd;;Negativ
KNOCK#3;H4Lvd;;Negativ
KNOW#3;H4Lvd;Positiv;
KNOW#4;H4Lvd;Positiv;
KNOWLEDGE;H4Lvd;Positiv;
LACK#1;H4Lvd;;Negativ
LACK#2;H4Lvd;;Negativ
LACK#3;H4Lvd;;Negativ
LAG;H4;;Negativ
LAID#2;H4Lvd;;Negativ
LAME;H4;;Negativ
LAMENT;H4;;Negativ
LAMENTABLE;H4;;Negativ
LANGUISH;H4;;Negativ
LAPSE;H4;;Negativ
LAUDABLE;H4;Positiv;
LAUGH#1;H4Lvd;Positiv;
LAUGH#2;H4Lvd;Positiv;
LAUGH#3;H4Lvd;;Negativ
LAUGH#5;H4Lvd;Positiv;
LAUGH#6;H4Lvd;Positiv;
LAUGHTER;H4Lvd;Positiv;
LAVISH;H4;Positiv;
LAW;H4Lvd;Positiv;
LAWFUL;H4Lvd;Positiv;
LAWLESS;H4;;Negativ
LAY#3;H4Lvd;;Negativ
LAZILY;H4;;Negativ
LAZY;H4Lvd;;Negativ
LEAD#4;H4Lvd;Positiv;
LEAK;H4;;Negativ
LEAKAGE;H4;;Negativ
LEARN#2;H4Lvd;Positiv;
LEARN#3;H4Lvd;Positiv;
LEARNER;H4Lvd;Positiv;
LEGAL;H4Lvd;Positiv;
LEGITIMACY;H4;Positiv;
LEGITIMATE;H4Lvd;Positiv;
LEISURE;H4Lvd;Positiv;
LET#3;H4Lvd;;Negativ
LIABILITY;H4Lvd;;Negativ
LIABLE;H4Lvd;;Negativ
LIAR;H4Lvd;;Negativ
LIBERAL#2;H4Lvd;Positiv;
LIBERAL#3;H4Lvd;Positiv;
LIBERALISM;H4Lvd;Positiv;
LIBERATE;H4Lvd;Positiv;
LIBERTY;H4Lvd;Positiv;
LIE#2;H4Lvd;;Negativ
LIE#3;H4Lvd;;Negativ
LIFELESS;H4;;Negativ
LIFELONG;H4;Positiv;
LIGHT#1;H4Lvd;Positiv;
LIGHT#3;H4Lvd;Positiv;
LIKABLE;H4;Positiv;
LIKE#2;H4Lvd;Positiv;
LIKE#3;H4Lvd;Positiv;
LIMIT#2;H4Lvd;;Negativ
LIMIT#3;H4Lvd;;Negativ
LIMIT#4;H4Lvd;;Negativ
LIMITATION;H4Lvd;;Negativ
LIMP;H4;;Negativ
LIQUIDATE;H4Lvd;;Negativ
LIQUIDATION;H4Lvd;;Negativ
LITTER;H4Lvd;;Negativ
LIVE#6;H4Lvd;Positiv;
LIVELY;H4Lvd;Positiv;
LOAD#3;H4Lvd;;Negativ
LOGIC;H4Lvd;Positiv;
LOGICAL;H4Lvd;Positiv;
LONE#1;H4Lvd;;Negativ
LONELINESS;H4Lvd;;Negativ
LONELY;H4Lvd;;Negativ
LONER;H4Lvd;;Negativ
LONESOME;H4;;Negativ
LONGEVITY;H4;Positiv;
LOOM;H4;;Negativ
LOSE#1;H4Lvd;;Negativ
LOSE#2;H4Lvd;;Negativ
LOSER;H4Lvd;;Negativ
LOSS;H4Lvd;;Negativ
LOST#1;H4Lvd;;Negativ
LOST#2;H4Lvd;;Negativ
LOST#3;H4Lvd;;Negativ
LOST#4;H4Lvd;;Negativ
LOVE#1;H4Lvd;Positiv;
LOVE#2;H4Lvd;Positiv;
LOVE#3;H4Lvd;Positiv;
LOVE#4;H4Lvd;Positiv;
LOVELESS;H4Lvd;;Negativ
LOVELINESS;H4;Positiv;
LOVELY;H4Lvd;Positiv;
LOVER#1;H4Lvd;Positiv;
LOVER#2;H4Lvd;Positiv;
LOW#1;H4Lvd;;Negativ
LOW#2;H4Lvd;;Negativ
LOWER#1;H4Lvd;;Negativ
LOWLY;H4;;Negativ
LOYAL;H4Lvd;Positiv;
LOYALTY;H4Lvd;Positiv;
LUCID;H4;Positiv;
LUCK;H4Lvd;Positiv;
LUCKILY;H4Lvd;Positiv;
LUCKY;H4Lvd;Positiv;
LUCRATIVE;H4;Positiv;
LUDICROUS;H4;;Negativ
LULL;H4;;Negativ
LUMINOUS;H4;Positiv;
LUNATIC;H4;;Negativ
LURE;H4;;Negativ
LURK;H4;;Negativ
LUST;H4;Positiv;
LUSTER;H4;Positiv;
LUSTROUS;H4;Positiv;
LUXURIANT;H4;Positiv;
LUXURIOUS;H4;Positiv;
LUXURY;H4Lvd;Positiv;
LYING#2;H4Lvd;;Negativ
LYING#3;H4Lvd;;Negativ
LYRIC;H4Lvd;Positiv;
LYRICAL;H4Lvd;Positiv;
MAD#1;H4Lvd;;Negativ
MAD#2;H4Lvd;;Negativ
MADMAN;H4;;Negativ
MADNESS;H4;;Negativ
MAGICAL;H4;Positiv;
MAGNETIC;H4;Positiv;
MAGNIFICENCE;H4;Positiv;
MAGNIFICENT;H4Lvd;Positiv;
MAIN#1;H4Lvd;Positiv;
MAJESTIC;H4;Positiv;
MAJESTY;H4Lvd;Positiv;
MAJOR#1;H4Lvd;Positiv;
MAKE#2;H4;;Negativ
MAKE#6;H4;Positiv;
MAKE#7;H4;Positiv;
MALADJUSTED;H4Lvd;;Negativ
MALADJUSTMENT;H4Lvd;;Negativ
MALADY;H4;;Negativ
MALICE;H4Lvd;;Negativ
MALICIOUS;H4Lvd;;Negativ
MALIGNANT;H4Lvd;;Negativ
MANAGEABLE;H4Lvd;Positiv;
MANGLE;H4;;Negativ
MANIPULATE;H4Lvd;;Negativ
MANIPULATION;H4;;Negativ
MANLY;H4Lvd;Positiv;
MANSLAUGHTER;H4Lvd;;Negativ
MAR#1;H4Lvd;;Negativ
MAR#2;H4Lvd;;Negativ
MARGINAL;H4Lvd;;Negativ
MARITAL;H4Lvd;Positiv;
MARRIAGE;H4Lvd;Positiv;
MARRY#1;H4Lvd;Positiv;
MARRY#2;H4Lvd;Positiv;
MARVEL;H4;Positiv;
MARVELOUS;H4Lvd;Positiv;
MASSACRE;H4;;Negativ
MASTERFUL;H4;Positiv;
MASTERY;H4;Positiv;
MATCHLESS;H4;Positiv;
MATE#1;H4Lvd;Positiv;
MATE#2;H4Lvd;Positiv;
MATTER#4;H4Lvd;Positiv;
MATTER#5;H4Lvd;;Negativ
MATURE#1;H4Lvd;Positiv;
MATURE#2;H4Lvd;Positiv;
MATURE#3;H4Lvd;Positiv;
MATURITY;H4Lvd;Positiv;
MAXIMIZE;H4;Positiv;
MEAGER;H4Lvd;;Negativ
MEAN#2;H4Lvd;;Negativ
MEANINGFUL;H4Lvd;Positiv;
MEANINGLESS;H4Lvd;;Negativ
MEASURABLE;H4;Positiv;
MEDDLE;H4;;Negativ
MEDIATE;H4Lvd;Positiv;
MEDIOCRE;H4Lvd;;Negativ
MEDITATION;H4;Positiv;
MEEK;H4;;Negativ
MEET#5;H4Lvd;Positiv;
MELANCHOLY;H4Lvd;;Negativ
MELLOW;H4;Positiv;
MELODRAMATIC;H4Lvd;;Negativ
MELODY;H4Lvd;Positiv;
MEMORABLE;H4Lvd;Positiv;
MENACE;H4Lvd;;Negativ
MEND;H4Lvd;Positiv;
MENIAL;H4;;Negativ
MENTOR;H4;Positiv;
MERCIFUL;H4;Positiv;
MERCILESS;H4;;Negativ
MERCY;H4Lvd;Positiv;
MERIT#1;H4Lvd;Positiv;
MERIT#2;H4Lvd;Positiv;
MERITORIOUS;H4;Positiv;
MERRILY;H4;Positiv;
MERRIMENT;H4;Positiv;
MERRY;H4Lvd;Positiv;
MESH;H4;Positiv;
MESS#1;H4Lvd;;Negativ
MESS#2;H4Lvd;;Negativ
METICULOUS;H4;Positiv;
MIGHTY;H4Lvd;Positiv;
MILD;H4;Positiv;
MIND#9;H4;;Negativ
MIND#_10;H4;Positiv;
MINDFUL;H4Lvd;Positiv;
MINE#3;H4Lvd;;Negativ
MINISTER#4;H4Lvd;Positiv;
MINT;H4Lvd;Positiv;
MIRACLE;H4Lvd;Positiv;
MIRACULOUS;H4;Positiv;
MIRTH;H4;Positiv;
MISBEHAVE;H4;;Negativ
MISBEHAVIOR;H4Lvd;;Negativ
MISCHIEF;H4Lvd;;Negativ
MISCHIEVOUS;H4;;Negativ
MISER;H4;;Negativ
MISERABLE;H4Lvd;;Negativ
MISERY;H4Lvd;;Negativ
MISFORTUNE;H4Lvd;;Negativ
MISHANDLE;H4;;Negativ
MISHAP;H4;;Negativ
MISINFORM;H4Lvd;;Negativ
MISINFORMED;H4;;Negativ
MISLEAD;H4Lvd;;Negativ
MISREPRESENT;H4;;Negativ
MISS#1;H4Lvd;;Negativ
MISTAKE#1;H4Lvd;;Negativ
MISTAKE#2;H4Lvd;;Negativ
MISTAKE#3;H4Lvd;;Negativ
MISTAKEN;H4;;Negativ
MISTRUST;H4;;Negativ
MISUNDERSTAND;H4Lvd;;Negativ
MISUNDERSTANDING;H4;;Negativ
MISUNDERSTOOD;H4Lvd;;Negativ
MISUSE;H4;;Negativ
MIX#3;H4Lvd;;Negativ
MOAN;H4;;Negativ
MOBILITY;H4;Positiv;
MOBILIZE;H4;Positiv;
MOCK;H4Lvd;;Negativ
MOCKERY;H4;;Negativ
MODERATE;H4Lvd;Positiv;
MODERATION;H4Lvd;Positiv;
MODERNITY;H4;Positiv;
MODEST;H4Lvd;Positiv;
MODESTY;H4;Positiv;
MOLEST;H4;;Negativ
MOMENTOUS;H4Lvd;Positiv;
MONOTONOUS;H4;;Negativ
MONOTONY;H4;;Negativ
MONSTER;H4Lvd;;Negativ
MONSTROUS;H4Lvd;;Negativ
MONUMENTAL;H4;Positiv;
MOODY;H4;;Negativ
MORAL;H4Lvd;Positiv;
MORALE;H4;Positiv;
MORALISTIC;H4;Positiv;
MORALITY;H4Lvd;Positiv;
MORTIFY;H4;;Negativ
MOTIONLESS;H4;;Negativ
MOTIVATE;H4;Positiv;
MOTIVATED;H4Lvd;Positiv;
MOTIVATION;H4Lvd;Positiv;
MOTIVE;H4Lvd;Positiv;
MOTLEY;H4Lvd;;Negativ
MOURN#1;H4Lvd;;Negativ
MOURN#2;H4Lvd;;Negativ
MOURNER;H4;;Negativ
MUDDLE;H4;;Negativ
MUDDY;H4;;Negativ
MULTITUDE;H4;Positiv;
MUMBLE;H4;;Negativ
MUNDANE;H4;;Negativ
MURDER#1;H4Lvd;;Negativ
MURDER#2;H4Lvd;;Negativ
MURDEROUS;H4;;Negativ
MURKY;H4;;Negativ
MUTTER;H4Lvd;;Negativ
MUTUAL#1;H4Lvd;Positiv;
MUTUAL#2;H4Lvd;Positiv;
MYRIAD;H4;Positiv;
MYSELF>#3;H4Lvd;;Negativ
NAG#2;H4Lvd;;Negativ
NAIVE;H4Lvd;;Negativ
NASTY;H4;;Negativ
NATURAL#1;H4Lvd;Positiv;
NATURAL#2;H4Lvd;Positiv;
NAUGHTY;H4;;Negativ
NAVIGABLE;H4;Positiv;
NEAT;H4Lvd;Positiv;
NEBULOUS;H4;;Negativ
NECESSARILY;H4;Positiv;
NEED#1;H4Lvd;;Negativ
NEED#2;H4Lvd;;Negativ
NEED#3;H4Lvd;;Negativ
NEEDLE#2;H4Lvd;;Negativ
NEEDY;H4Lvd;;Negativ
NEGATE;H4Lvd;;Negativ
NEGATION;H4Lvd;;Negativ
NEGATIVE;H4Lvd;;Negativ
NEGLECT#1;H4Lvd;;Negativ
NEGLECT#2;H4Lvd;;Negativ
NEGLIGENCE;H4;;Negativ
NEGLIGENT;H4;;Negativ
NEGOTIATE;H4Lvd;Positiv;
NERVOUS;H4Lvd;;Negativ
NERVOUSNESS;H4;;Negativ
NEUROTIC;H4;;Negativ
NEUTRALIZE;H4;;Negativ
NICE#1;H4Lvd;Positiv;
NICE#2;H4Lvd;Positiv;
NICE#3;H4Lvd;Positiv;
NICE#4;H4Lvd;Positiv;
NICHE;H4;Positiv;
NIGHTMARE;H4;;Negativ
NIMBLE;H4;Positiv;
NIX;H4;;Negativ
NOBILITY;H4;Positiv;
NOBLE;H4Lvd;Positiv;
NOBLEMAN;H4;Positiv;
NOISE;H4Lvd;;Negativ
NOISELESS;H4;Positiv;
NOMINATE;H4Lvd;Positiv;
NON-VIOLENCE;H4Lvd;Positiv;
NON-VIOLENT;H4Lvd;Positiv;
NONCHALANT;H4;;Negativ
NONSENSE;H4Lvd;;Negativ
NORMAL;H4Lvd;Positiv;
NOSEY;H4;;Negativ
NOTABLE;H4Lvd;Positiv;
NOTORIETY;H4;Positiv;
NOTORIOUS;H4Lvd;;Negativ
NOURISH;H4Lvd;Positiv;
NOURISHMENT;H4;Positiv;
NOVELTY;H4;Positiv;
NOVICE;H4;;Negativ
NUISANCE;H4;;Negativ
NULLIFICATION;H4;;Negativ
NULLIFY;H4;;Negativ
NUMB;H4;;Negativ
NURSE#2;H4Lvd;Positiv;
NURTURE;H4;Positiv;
NUTRIENT;H4;Positiv;
NUTS;H4;;Negativ
OASIS;H4;Positiv;
OBEDIENCE;H4;Positiv;
OBEDIENT;H4;Positiv;
OBEY;H4Lvd;Positiv;
OBJECT#3;H4Lvd;;Negativ
OBJECTION;H4;;Negativ
OBJECTIVE#2;H4Lvd;Positiv;
OBJECTIVE#3;H4Lvd;Positiv;
OBLIGE;H4Lvd;Positiv;
OBLIQUE;H4;;Negativ
OBLITERATE;H4;;Negativ
OBNOXIOUS;H4Lvd;;Negativ
OBSCURE;H4Lvd;;Negativ
OBSOLETE;H4;;Negativ
OBSTACLE;H4Lvd;;Negativ
OBSTINATE;H4Lvd;;Negativ
OBSTRUCT;H4Lvd;;Negativ
OBSTRUCTION;H4;;Negativ
OBTAIN;H4Lvd;Positiv;
OBTAINABLE;H4;Positiv;
ODD;H4Lvd;;Negativ
ODDITY;H4;;Negativ
OFFEND;H4Lvd;;Negativ
OFFENDER;H4Lvd;;Negativ
OFFENSIVE;H4Lvd;;Negativ
OFFER#1;H4Lvd;Positiv;
OFFER#2;H4Lvd;Positiv;
OFFER#3;H4Lvd;Positiv;
OFFSET;H4;Positiv;
OMINOUS;H4Lvd;;Negativ
OMISSION;H4Lvd;;Negativ
OMIT;H4Lvd;;Negativ
ONSET;H4;Positiv;
ONWARD;H4;Positiv;
OPEN#1;H4Lvd;Positiv;
OPEN#2;H4Lvd;Positiv;
OPINIONATED;H4;;Negativ
OPPONENT;H4Lvd;;Negativ
OPPORTUNE;H4;Positiv;
OPPORTUNITY;H4Lvd;Positiv;
OPPOSE#1;H4Lvd;;Negativ
OPPOSE#2;H4Lvd;;Negativ
OPPOSE#3;H4Lvd;;Negativ
OPPOSITION;H4Lvd;;Negativ
OPPRESS;H4Lvd;;Negativ
OPPRESSION;H4Lvd;;Negativ
OPPRESSIVE;H4;;Negativ
OPTIMAL;H4Lvd;Positiv;
OPTIMISM;H4Lvd;Positiv;
OPTIMISTIC;H4Lvd;Positiv;
OPTIONAL;H4;Positiv;
ORDEAL;H4;;Negativ
ORDER#2;H4Lvd;Positiv;
ORDER#5;H4Lvd;Positiv;
ORDER#6;H4Lvd;Positiv;
ORDER#8;H4Lvd;;Negativ
ORGANIZE#1;H4Lvd;Positiv;
ORGANIZE#2;H4Lvd;Positiv;
ORIGINALITY;H4;Positiv;
ORPHAN;H4;;Negativ
OSTRACIZE;H4;;Negativ
OUST;H4Lvd;;Negativ
OUTBREAK;H4;;Negativ
OUTBURST;H4;;Negativ
OUTCAST;H4;;Negativ
OUTCRY;H4;;Negativ
OUTGOING;H4Lvd;Positiv;
OUTLAW;H4Lvd;;Negativ
OUTLIVE;H4;Positiv;
OUTRAGE;H4Lvd;;Negativ
OUTRAGEOUS;H4;;Negativ
OUTRIGHT;H4;Positiv;
OUTRUN;H4;Positiv;
OUTSET;H4Lvd;Positiv;
OUTSIDER;H4Lvd;;Negativ
OUTSTANDING;H4Lvd;Positiv;
OUTWIT;H4;Positiv;
OVERBEARING;H4;;Negativ
OVERCOME;H4Lvd;Positiv;
OVERFLOW;H4;;Negativ
OVERJOYED;H4;Positiv;
OVERLOOK;H4Lvd;;Negativ
OVERPOWER;H4;;Negativ
OVERRUN;H4;;Negativ
OVERSIGHT;H4;;Negativ
OVERTHROW;H4Lvd;;Negativ
OVERTURN;H4;;Negativ
OVERWHELMING;H4;;Negativ
OVERWORKED;H4;;Negativ
OWE;H4Lvd;;Negativ
PAIN;H4Lvd;;Negativ
PAINFUL;H4Lvd;;Negativ
PAINSTAKING;H4;Positiv;
PALATABLE;H4;Positiv;
PALATIAL;H4;Positiv;
PALTRY;H4;;Negativ
PAMPER;H4;Positiv;
PANDEMONIUM;H4Lvd;;Negativ
PANIC;H4Lvd;;Negativ
PARADISE;H4;Positiv;
PARALYSIS;H4;;Negativ
PARALYZED;H4;;Negativ
PARAMOUNT;H4Lvd;Positiv;
PARANOID;H4;;Negativ
PARASITE;H4;;Negativ
PARDON#1;H4Lvd;Positiv;
PARDON#2;H4Lvd;Positiv;
PARTICULAR#1;H4Lvd;Positiv;
PARTICULAR#2;H4Lvd;;Negativ
PARTITION;H4;;Negativ
PARTNER;H4Lvd;Positiv;
PARTNERSHIP;H4Lvd;Positiv;
PASS#2;H4;Positiv;
PASS#8;H4;;Negativ
PASS#_10;H4;;Negativ
PASS#_13;H4;;Negativ
PASSE;H4;;Negativ
PASSIONATE;H4Lvd;Positiv;
PATHETIC;H4;;Negativ
PATIENCE;H4Lvd;Positiv;
PATIENT#2;H4Lvd;Positiv;
PATIENT#3;H4Lvd;Positiv;
PATRIOT;H4;Positiv;
PATRIOTIC;H4;Positiv;
PATRON;H4Lvd;Positiv;
PATRONAGE;H4Lvd;Positiv;
PATRONIZE;H4;;Negativ
PAY#4;H4Lvd;Positiv;
PEACE#1;H4Lvd;Positiv;
PEACE#2;H4Lvd;Positiv;
PEACEABLE;H4Lvd;Positiv;
PEACEFUL;H4Lvd;Positiv;
PECULIAR;H4Lvd;;Negativ
PEERLESS;H4;Positiv;
PERFECT#1;H4Lvd;Positiv;
PERFECT#2;H4Lvd;Positiv;
PERFECT#3;H4Lvd;Positiv;
PERFECTION;H4;Positiv;
PERFECTIONISM;H4;Positiv;
PERFECTIONIST;H4;Positiv;
PERFUME;H4Lvd;Positiv;
PERIL;H4;;Negativ
PERILOUS;H4Lvd;;Negativ
PERISH;H4Lvd;;Negativ
PERMISSION;H4Lvd;Positiv;
PERMIT#1;H4Lvd;Positiv;
PERPLEX;H4Lvd;;Negativ
PERPLEXITY;H4;;Negativ
PERSECUTE;H4;;Negativ
PERSECUTION;H4;;Negativ
PERSEVERANCE;H4Lvd;Positiv;
PERSEVERE;H4Lvd;Positiv;
PERSUASIVE;H4;Positiv;
PERTINENT;H4Lvd;Positiv;
PERTURB;H4Lvd;;Negativ
PERVERSE;H4;;Negativ
PERVERT;H4;;Negativ
PESSIMISM;H4;;Negativ
PESSIMISTIC;H4;;Negativ
PEST;H4;;Negativ
PETTY;H4;;Negativ
PHOBIA;H4;;Negativ
PICK#3;H4Lvd;;Negativ
PICTURESQUE;H4;Positiv;
PIECE#4;H4Lvd;;Negativ
PIETY;H4;Positiv;
PINCH#1;H4Lvd;;Negativ
PINCH#2;H4Lvd;;Negativ
PINNACLE;H4;Positiv;
PIOUS;H4Lvd;Positiv;
PITIFUL;H4;;Negativ
PITILESS;H4;;Negativ
PLAGUE#1;H4Lvd;;Negativ
PLAGUE#2;H4Lvd;;Negativ
PLAIN#1;H4Lvd;Positiv;
PLAIN#3;H4Lvd;Positiv;
PLAIN#4;H4Lvd;Positiv;
PLAIN#5;H4Lvd;Positiv;
PLAINTIFF;H4;;Negativ
PLAUSIBILITY;H4;Positiv;
PLAYFUL;H4;Positiv;
PLAYMATE;H4;Positiv;
PLAYTHING;H4;Positiv;
PLEASANT#1;H4Lvd;Positiv;
PLEASANT#2;H4Lvd;Positiv;
PLEASANTRY;H4;Positiv;
PLEASE#2;H4Lvd;Positiv;
PLEASE#3;H4Lvd;Positiv;
PLEASED#1;H4Lvd;Positiv;
PLEASED#2;H4Lvd;Positiv;
PLEASURABLE;H4;Positiv;
PLEASURE;H4Lvd;Positiv;
PLEDGE;H4Lvd;Positiv;
PLENTIFUL;H4Lvd;Positiv;
PLENTY;H4Lvd;Positiv;
PLIGHT;H4;;Negativ
PLOD;H4;;Negativ
PLOT#2;H4Lvd;;Negativ
POETIC;H4Lvd;Positiv;
POIGNANT;H4;Positiv;
POINT#6;H4Lvd;;Negativ
POINTLESS;H4;;Negativ
POISE#1;H4Lvd;Positiv;
POISON;H4;;Negativ
POISONOUS;H4;;Negativ
POLISH;H4;Positiv;
POLITE;H4Lvd;Positiv;
POLITENESS;H4;Positiv;
POLLUTE;H4;;Negativ
POLLUTION;H4Lvd;;Negativ
POMP;H4;Positiv;
POMPOUS;H4;;Negativ
POOR#1;H4Lvd;;Negativ
POOR#2;H4Lvd;;Negativ
POOR#3;H4Lvd;;Negativ
POOR#4;H4Lvd;;Negativ
POOR#5;H4Lvd;;Negativ
POOR#6;H4Lvd;;Negativ
POPULAR;H4Lvd;Positiv;
POPULARITY;H4;Positiv;
POPULOUS;H4;Positiv;
PORTABLE;H4;Positiv;
POSITIVE;H4Lvd;Positiv;
POSITIVENESS;H4;Positiv;
POSITIVITY;H4;Positiv;
POSTERITY;H4Lvd;Positiv;
POTENCY;H4;Positiv;
POTENT;H4Lvd;Positiv;
POUND#2;H4Lvd;;Negativ
POUT;H4;;Negativ
POVERTY;H4Lvd;;Negativ
POWERLESS;H4;;Negativ
PRACTICABLE;H4Lvd;Positiv;
PRACTICAL#1;H4Lvd;Positiv;
PRAISE#1;H4Lvd;Positiv;
PRAISE#2;H4Lvd;Positiv;
PRANCE;H4;Positiv;
PRECARIOUS;H4Lvd;;Negativ
PRECAUTION;H4Lvd;Positiv;
PRECEDENT;H4Lvd;Positiv;
PRECEPT;H4;Positiv;
PRECIOUS;H4Lvd;Positiv;
PRECIPITATE;H4;;Negativ
PRECISE;H4Lvd;Positiv;
PRECISION;H4Lvd;Positiv;
PREDICAMENT;H4;;Negativ
PREEMINENT;H4;Positiv;
PREFERENCE;H4Lvd;Positiv;
PREJUDICE;H4Lvd;;Negativ
PREJUDICIAL;H4Lvd;;Negativ
PREMIER;H4;Positiv;
PREMISE;H4;Positiv;
PREMIUM;H4;Positiv;
PREPARATORY;H4;Positiv;
PREPOSTEROUS;H4;;Negativ
PRESS#4;H4Lvd;;Negativ
PRESTIGE;H4Lvd;Positiv;
PRESUMPTUOUS;H4Lvd;;Negativ
PRETEND;H4Lvd;;Negativ
PRETENSE;H4;;Negativ
PRETENTIOUS;H4;;Negativ
PRETTILY;H4;Positiv;
PRETTY#2;H4Lvd;Positiv;
PRETTY#3;H4Lvd;Positiv;
PRETTY#4;H4Lvd;Positiv;
PRETTY#5;H4Lvd;Positiv;
PRICELESS;H4;Positiv;
PRIDE;H4Lvd;Positiv;
PRIMARILY;H4;Positiv;
PRIME;H4;Positiv;
PRINCIPAL#1;H4Lvd;Positiv;
PRINCIPLE#1;H4Lvd;Positiv;
PRINCIPLE#2;H4Lvd;Positiv;
PRINCIPLE#4;H4Lvd;Positiv;
PRISON#1;H4Lvd;;Negativ
PRISON#2;H4Lvd;;Negativ
PRISONER;H4Lvd;;Negativ
PRIVACY;H4Lvd;Positiv;
PRIVILEGED;H4;Positiv;
PRIVY;H4;Positiv;
PRIZE;H4Lvd;Positiv;
PRO;H4;Positiv;
PROACTIVE;H4;Positiv;
PROBLEM;H4Lvd;;Negativ
PROCRASTINATE;H4;;Negativ
PROCRASTINATION;H4;;Negativ
PROD;H4;;Negativ
PRODIGIOUS;H4;Positiv;
PRODIGY;H4;Positiv;
PRODUCTIVE;H4Lvd;Positiv;
PRODUCTIVITY;H4Lvd;Positiv;
PROFESS;H4Lvd;Positiv;
PROFFER;H4;Positiv;
PROFICIENT;H4;Positiv;
PROFIT#1;H4Lvd;Positiv;
PROFIT#2;H4Lvd;Positiv;
PROFITABLE;H4Lvd;Positiv;
PROFOUND;H4Lvd;Positiv;
PROGRESS#1;H4Lvd;Positiv;
PROGRESS#2;H4Lvd;Positiv;
PROGRESSIVE;H4Lvd;Positiv;
PROHIBIT;H4Lvd;;Negativ
PROHIBITION;H4Lvd;;Negativ
PROHIBITIVE;H4Lvd;;Negativ
PROLIFIC;H4;Positiv;
PROMINENCE;H4;Positiv;
PROMINENT;H4Lvd;Positiv;
PROMISE#3;H4Lvd;Positiv;
PROMISE#4;H4Lvd;Positiv;
PROMPT#1;H4Lvd;Positiv;
PROMPT#2;H4Lvd;Positiv;
PROMPTLY;H4Lvd;Positiv;
PROPAGANDA;H4Lvd;;Negativ
PROPER;H4Lvd;Positiv;
PROPITIOUS;H4Lvd;Positiv;
PROPRIETARY;H4;Positiv;
PROPRIETY;H4Lvd;Positiv;
PROSECUTE;H4Lvd;Positiv;
PROSECUTION;H4Lvd;;Negativ
PROSPER;H4;Positiv;
PROSPERITY;H4Lvd;Positiv;
PROSPEROUS;H4Lvd;Positiv;
PROTECT;H4Lvd;Positiv;
PROTECTION;H4Lvd;Positiv;
PROTECTIVE;H4;Positiv;
PROTECTOR;H4;Positiv;
PROTEST#1;H4Lvd;;Negativ
PROTEST#2;H4Lvd;;Negativ
PROUD;H4Lvd;Positiv;
PROVIDE#1;H4Lvd;Positiv;
PROVIDENCE;H4Lvd;Positiv;
PROVOCATION;H4Lvd;;Negativ
PROVOKE;H4Lvd;;Negativ
PROWESS;H4;Positiv;
PROWL;H4;;Negativ
PRUDENCE;H4Lvd;Positiv;
PRUDENT;H4Lvd;Positiv;
PRY;H4;;Negativ
PUNCH;H4;;Negativ
PUNCTUAL;H4;Positiv;
PUNISH;H4Lvd;;Negativ
PUNY;H4Lvd;;Negativ
PURE;H4Lvd;Positiv;
PURIFICATION;H4;Positiv;
PURIFY;H4;Positiv;
PURITY;H4Lvd;Positiv;
PURPOSEFUL;H4;Positiv;
PURR;H4;Positiv;
PUSH#1;H4Lvd;;Negativ
PUSH#2;H4Lvd;;Negativ
PUSH#3;H4Lvd;;Negativ
PUZZLEMENT;H4Lvd;;Negativ
QUAINT;H4Lvd;Positiv;
QUALIFY#1;H4Lvd;Positiv;
QUALIFY#3;H4Lvd;Positiv;
QUALITY#2;H4Lvd;Positiv;
QUALM;H4;;Negativ
QUANDARY;H4Lvd;;Negativ
QUARREL#1;H4Lvd;;Negativ
QUARREL#2;H4Lvd;;Negativ
QUARRELSOME;H4;;Negativ
QUEER;H4Lvd;;Negativ
QUENCH;H4;Positiv;
QUESTIONABLE;H4Lvd;;Negativ
QUIBBLE;H4;;Negativ
QUICKEN;H4;Positiv;
QUIT;H4Lvd;;Negativ
QUITTER;H4;;Negativ
RACE#4;H4Lvd;;Negativ
RADIANCE;H4;Positiv;
RADIANT;H4;Positiv;
RADIATE;H4;Positiv;
RADICAL;H4Lvd;;Negativ
RAGE;H4Lvd;;Negativ
RAID;H4Lvd;;Negativ
RAISE#5;H4Lvd;;Negativ
RALLY;H4;Positiv;
RAMBLE;H4;;Negativ
RAMPANT;H4Lvd;;Negativ
RAPPORT;H4;Positiv;
RAPT;H4;Positiv;
RAPTURE;H4;Positiv;
RASCAL;H4Lvd;;Negativ
RASH;H4;;Negativ
RAT;H4;;Negativ
RATION;H4;;Negativ
RATIONAL;H4Lvd;Positiv;
RATTLE#2;H4Lvd;;Negativ
RAVAGE;H4Lvd;;Negativ
RAVE;H4;Positiv;
REACTIONARY;H4Lvd;;Negativ
REACTIVE;H4;;Negativ
READILY;H4;Positiv;
REAL#1;H4Lvd;Positiv;
REALISTIC;H4Lvd;Positiv;
REALISTICALLY;H4;Positiv;
REAP;H4Lvd;Positiv;
REASONABLE;H4Lvd;Positiv;
REASSURANCE;H4Lvd;Positiv;
REASSURE;H4Lvd;Positiv;
REBEL#1;H4Lvd;;Negativ
REBEL#2;H4Lvd;;Negativ
REBELLION;H4Lvd;;Negativ
REBELLIOUS;H4;;Negativ
REBUFF;H4;;Negativ
REBUKE;H4Lvd;;Negativ
REBUT;H4Lvd;;Negativ
RECALCITRANT;H4;;Negativ
RECEDE;H4;;Negativ
RECEPTIVE;H4;Positiv;
RECESSION;H4;;Negativ
RECKLESS;H4Lvd;;Negativ
RECKLESSNESS;H4;;Negativ
RECLAIM;H4;Positiv;
RECLINE;H4;Positiv;
RECOIL;H4;;Negativ
RECOMPENSE;H4;Positiv;
RECONCILE;H4Lvd;Positiv;
RECONCILIATION;H4Lvd;Positiv;
RECREATION;H4;Positiv;
REDEEM;H4;Positiv;
REDEMPTION;H4Lvd;Positiv;
REDUNDANCY;H4;;Negativ
REDUNDANT;H4;;Negativ
REESTABLISH;H4;Positiv;
REFINE;H4;Positiv;
REFINEMENT;H4;Positiv;
REFRAIN;H4;;Negativ
REFUGE;H4;Positiv;
REFUGEE;H4Lvd;;Negativ
REFUSAL;H4Lvd;;Negativ
REFUSE#1;H4Lvd;;Negativ
REGAL;H4;Positiv;
REGARD#3;H4Lvd;Positiv;
REGARDLESS;H4Lvd;;Negativ
REGRESS;H4Lvd;;Negativ
REGRESSION;H4Lvd;;Negativ
REGRET#1;H4Lvd;;Negativ
REGRET#2;H4Lvd;;Negativ
REGRETTABLE;H4;;Negativ
REHABILITATION;H4;Positiv;
REINFORCEMENT;H4;Positiv;
REINSTATE;H4;Positiv;
REJECT;H4Lvd;;Negativ
REJECTION;H4Lvd;;Negativ
REJOICE;H4Lvd;Positiv;
RELAPSE;H4;;Negativ
RELAXATION;H4Lvd;Positiv;
RELEVANCE;H4Lvd;Positiv;
RELEVANCY;H4;Positiv;
RELEVANT;H4Lvd;Positiv;
RELIABILITY;H4Lvd;Positiv;
RELIABLE;H4Lvd;Positiv;
RELIEF;H4Lvd;Positiv;
RELIEVE#3;H4Lvd;Positiv;
RELIGIOUS#1;H4Lvd;Positiv;
RELISH;H4;Positiv;
RELUCTANT;H4Lvd;;Negativ
REMARKABLE;H4Lvd;Positiv;
REMARKABLY;H4Lvd;Positiv;
REMEDY;H4Lvd;Positiv;
REMODEL;H4;Positiv;
REMORSE;H4;;Negativ
RENAISSANCE;H4;Positiv;
RENEWAL;H4;Positiv;
RENOUNCE;H4Lvd;;Negativ
RENOVATE;H4Lvd;Positiv;
RENOVATION;H4;Positiv;
RENOWN;H4Lvd;Positiv;
RENUNCIATION;H4;;Negativ
REPAIR#1;H4Lvd;Positiv;
REPAIR#2;H4Lvd;Positiv;
REPARATION;H4Lvd;Positiv;
REPEAL;H4Lvd;;Negativ
REPENT;H4;Positiv;
REPENTANCE;H4;Positiv;
REPOSE;H4;Positiv;
REPREHENSIBLE;H4;;Negativ
REPRESS;H4Lvd;;Negativ
REPROACH;H4;;Negativ
REPUDIATE;H4Lvd;;Negativ
REPUGNANT;H4Lvd;;Negativ
REPULSE;H4Lvd;;Negativ
REPULSIVE;H4Lvd;;Negativ
REPUTABLE;H4Lvd;Positiv;
RESCUE#1;H4Lvd;Positiv;
RESCUE#2;H4Lvd;Positiv;
RESENT;H4Lvd;;Negativ
RESENTFUL;H4;;Negativ
RESENTMENT;H4Lvd;;Negativ
RESIGNATION;H4;;Negativ
RESOLUTE;H4Lvd;Positiv;
RESOLVE#1;H4Lvd;Positiv;
RESOLVE#2;H4Lvd;Positiv;
RESOLVED;H4;Positiv;
RESOUND;H4;Positiv;
RESOURCEFUL;H4;Positiv;
RESOURCEFULNESS;H4;Positiv;
RESPECT#1;H4Lvd;Positiv;
RESPECT#2;H4Lvd;Positiv;
RESPECT#5;H4Lvd;Positiv;
RESPECTABLE;H4Lvd;Positiv;
RESPECTFUL;H4;Positiv;
RESPITE;H4;Positiv;
RESPLENDENT;H4;Positiv;
RESPONSIBILITY;H4Lvd;Positiv;
RESPONSIBLE#1;H4Lvd;Positiv;
RESPONSIVE;H4Lvd;Positiv;
RESTFUL;H4;Positiv;
RESTLESS;H4Lvd;;Negativ
RESTLESSNESS;H4;;Negativ
RESTORATION;H4Lvd;Positiv;
RESTORE;H4Lvd;Positiv;
RESTRICT#1;H4Lvd;;Negativ
RESTRICT#2;H4Lvd;;Negativ
RESTRICT#3;H4Lvd;;Negativ
RESTRICTION;H4Lvd;;Negativ
RESURRECT;H4;Positiv;
RETALIATE;H4;;Negativ
RETARD;H4Lvd;;Negativ
RETIRE;H4Lvd;;Negativ
RETREAT#1;H4Lvd;;Negativ
RETREAT#2;H4Lvd;;Negativ
RETURN#2;H4Lvd;Positiv;
RETURN#5;H4Lvd;Positiv;
REUNION;H4;Positiv;
REUNITE;H4;Positiv;
REVEL;H4;Positiv;
REVELATION;H4;Positiv;
REVENGE;H4;;Negativ
REVERE;H4;Positiv;
REVERENCE;H4Lvd;Positiv;
REVERENT;H4;Positiv;
REVERENTLY;H4;Positiv;
REVERT;H4Lvd;;Negativ
REVITALIZE;H4;Positiv;
REVIVAL;H4Lvd;Positiv;
REVIVE;H4Lvd;Positiv;
REVOKE;H4;;Negativ
REVOLT;H4Lvd;;Negativ
REVOLUTION;H4Lvd;;Negativ
REWARD#1;H4Lvd;Positiv;
REWARD#2;H4Lvd;Positiv;
REWARD#3;H4Lvd;Positiv;
RICH#1;H4Lvd;Positiv;
RICH#2;H4Lvd;Positiv;
RICH#3;H4Lvd;Positiv;
RICH#4;H4Lvd;Positiv;
RICH#5;H4Lvd;Positiv;
RICH#6;H4Lvd;Positiv;
RICHES;H4;Positiv;
RICHNESS;H4;Positiv;
RID;H4Lvd;;Negativ
RIDE#3;H4Lvd;;Negativ
RIDICULE#1;H4Lvd;;Negativ
RIDICULE#2;H4Lvd;;Negativ
RIDICULOUS;H4Lvd;;Negativ
RIGHT#1;H4Lvd;Positiv;
RIGHT#6;H4Lvd;Positiv;
RIGHTEOUS;H4Lvd;Positiv;
RIGHTEOUSNESS;H4Lvd;Positiv;
RIGHTFUL;H4Lvd;Positiv;
RIGID;H4Lvd;;Negativ
RIGOR;H4;;Negativ
RIGOROUS;H4;;Negativ
RIP#1;H4Lvd;;Negativ
RIP#2;H4Lvd;;Negativ
RIPE;H4Lvd;Positiv;
RIPEN;H4;Positiv;
RISKY;H4;;Negativ
RIVAL#1;H4Lvd;;Negativ
RIVAL#2;H4Lvd;;Negativ
RIVALRY;H4;;Negativ
ROBBER;H4;;Negativ
ROBBERY;H4;;Negativ
ROBUST;H4;Positiv;
ROGUE;H4Lvd;;Negativ
ROMANCE;H4;Positiv;
ROMANTIC;H4Lvd;Positiv;
ROMANTICIZE;H4;Positiv;
ROOT#4;H4Lvd;;Negativ
ROSY;H4;Positiv;
ROT;H4;;Negativ
ROTTEN;H4;;Negativ
ROUGH#1;H4Lvd;;Negativ
ROUGHNESS;H4;;Negativ
ROUND#4;H4Lvd;Positiv;
ROUNDABOUT;H4;;Negativ
ROUSE;H4;Positiv;
RUBBISH;H4;;Negativ
RUDE;H4Lvd;;Negativ
RUE;H4Lvd;;Negativ
RUFFIAN;H4;;Negativ
RUIN#1;H4Lvd;;Negativ
RUIN#2;H4Lvd;;Negativ
RUIN#3;H4Lvd;;Negativ
RUIN#4;H4Lvd;;Negativ
RUINOUS;H4;;Negativ
RUMOR;H4Lvd;;Negativ
RUMPLE;H4;;Negativ
RUN#4;H4;;Negativ
RUN#5;H4;;Negativ
RUNAWAY;H4;;Negativ
RUPTURE#1;H4Lvd;;Negativ
RUPTURE#2;H4Lvd;;Negativ
RUSTY;H4;;Negativ
RUTHLESS;H4Lvd;;Negativ
RUTHLESSNESS;H4;;Negativ
SABOTAGE;H4;;Negativ
SACRED;H4Lvd;Positiv;
SAD;H4Lvd;;Negativ
SADNESS;H4Lvd;;Negativ
SAFE#1;H4Lvd;Positiv;
SAFE#2;H4Lvd;Positiv;
SAFE#3;H4Lvd;Positiv;
SAFE#4;H4Lvd;Positiv;
SAFEGUARD;H4Lvd;Positiv;
SAFETY#2;H4Lvd;Positiv;
SAG;H4;;Negativ
SAGACITY;H4;Positiv;
SAGE;H4;Positiv;
SAINT;H4Lvd;Positiv;
SALUTARY;H4Lvd;Positiv;
SALUTATION;H4;Positiv;
SALUTE;H4;Positiv;
SALVATION;H4Lvd;Positiv;
SANCTIFY;H4;Positiv;
SANCTUARY;H4Lvd;Positiv;
SANE;H4Lvd;Positiv;
SANGUINE;H4Lvd;Positiv;
SANITARY;H4;Positiv;
SANITY;H4;Positiv;
SANK;H4Lvd;;Negativ
SAP;H4;;Negativ
SARCASM;H4;;Negativ
SARCASTIC;H4;;Negativ
SATISFACTION;H4Lvd;Positiv;
SATISFACTORILY;H4Lvd;Positiv;
SATISFACTORY;H4Lvd;Positiv;
SATISFY#1;H4Lvd;Positiv;
SATISFY#2;H4Lvd;Positiv;
SATISFY#3;H4Lvd;Positiv;
SAVAGE;H4;;Negativ
SAVE#1;H4Lvd;Positiv;
SAVINGS;H4;Positiv;
SAVOR;H4;Positiv;
SAVVY;H4;Positiv;
SCALD;H4;;Negativ
SCAMPER;H4;Positiv;
SCANDAL;H4Lvd;;Negativ
SCANDALOUS;H4Lvd;;Negativ
SCAPEGOAT;H4Lvd;;Negativ
SCAR;H4Lvd;;Negativ
SCARCITY;H4Lvd;;Negativ
SCARE#1;H4Lvd;;Negativ
SCARE#2;H4Lvd;;Negativ
SCARED#1;H4Lvd;;Negativ
SCARED#2;H4Lvd;;Negativ
SCARY;H4;;Negativ
SCHEME#1;H4Lvd;;Negativ
SCHEME#2;H4Lvd;;Negativ
SCOFF;H4;;Negativ
SCOLD#1;H4Lvd;;Negativ
SCOLD#2;H4Lvd;;Negativ
SCORCH;H4;;Negativ
SCORN;H4Lvd;;Negativ
SCORNFUL;H4;;Negativ
SCOUNDREL;H4;;Negativ
SCOWL;H4;;Negativ
SCRAPE;H4;;Negativ
SCREAM#1;H4Lvd;;Negativ
SCREAM#2;H4Lvd;;Negativ
SCREECH#1;H4Lvd;;Negativ
SCREECH#2;H4Lvd;;Negativ
SCREW#2;H4Lvd;;Negativ
SCRUPLES;H4;Positiv;
SCRUPULOUS;H4;Positiv;
SCRUTINIZE;H4;;Negativ
SCUFFLE;H4;;Negativ
SCUM;H4;;Negativ
SECEDE;H4;;Negativ
SECESSION;H4;;Negativ
SECRECY;H4;;Negativ
SECRET;H4Lvd;;Negativ
SECURE#2;H4Lvd;Positiv;
SECURE#3;H4Lvd;Positiv;
SECURITY#1;H4Lvd;Positiv;
SECURITY#2;H4Lvd;Positiv;
SEDENTARY;H4;;Negativ
SEETHE;H4;;Negativ
SEGREGATION;H4Lvd;;Negativ
SEIZE;H4Lvd;;Negativ
SELECTIVE;H4Lvd;Positiv;
SELF-CONTAINED;H4Lvd;Positiv;
SELF-RESPECT;H4Lvd;Positiv;
SELFISH;H4Lvd;;Negativ
SELFISHNESS;H4;;Negativ
SEMBLANCE;H4Lvd;Positiv;
SENILE;H4;;Negativ
SENSATIONAL;H4Lvd;Positiv;
SENSE#3;H4Lvd;Positiv;
SENSE#5;H4Lvd;Positiv;
SENSELESS;H4;;Negativ
SENSIBLE;H4Lvd;Positiv;
SENSITIVE;H4Lvd;Positiv;
SENSITIVITY;H4Lvd;Positiv;
SENTENCE#2;H4Lvd;;Negativ
SEQUESTER;H4;;Negativ
SERENE;H4Lvd;Positiv;
SERIOUS;H4Lvd;Positiv;
SERIOUSNESS;H4Lvd;Positiv;
SERVE#4;H4;;Negativ
SERVICE#3;H4;;Negativ
SERVITUDE;H4;;Negativ
SETTLE#4;H4Lvd;Positiv;
SEVER;H4Lvd;;Negativ
SEVERE;H4Lvd;;Negativ
SEVERITY;H4Lvd;;Negativ
SHABBY;H4;;Negativ
SHADOW#2;H4Lvd;;Negativ
SHADY;H4;;Negativ
SHAGGY;H4;;Negativ
SHAKE#1;H4Lvd;;Negativ
SHALLOW;H4Lvd;;Negativ
SHAME;H4Lvd;;Negativ
SHAMEFUL;H4;;Negativ
SHAMELESS;H4;;Negativ
SHARE#1;H4Lvd;Positiv;
SHARE#3;H4Lvd;Positiv;
SHARE#4;H4Lvd;Positiv;
SHARK;H4;;Negativ
SHELL#2;H4Lvd;;Negativ
SHELL#3;H4Lvd;;Negativ
SHELTER#1;H4Lvd;Positiv;
SHELTER#2;H4Lvd;Positiv;
SHIELD;H4;Positiv;
SHINY;H4;Positiv;
SHIPWRECK;H4;;Negativ
SHIRK;H4;;Negativ
SHIVER;H4;;Negativ
SHOCK#1;H4Lvd;;Negativ
SHOCK#2;H4Lvd;;Negativ
SHOCK#3;H4Lvd;;Negativ
SHOCK#4;H4Lvd;;Negativ
SHOCK#5;H4Lvd;;Negativ
SHODDY;H4;;Negativ
SHOOT#1;H4Lvd;;Negativ
SHOOT#3;H4Lvd;;Negativ
SHOOT#6;H4Lvd;;Negativ
SHORT#5;H4Lvd;;Negativ
SHORTAGE;H4Lvd;;Negativ
SHORTCOMING;H4Lvd;;Negativ
SHORTSIGHTED;H4;;Negativ
SHOT#1;H4Lvd;;Negativ
SHOVE;H4;;Negativ
SHOW#4;H4Lvd;;Negativ
SHRED;H4;;Negativ
SHREW;H4;;Negativ
SHREWD;H4Lvd;Positiv;
SHREWDNESS;H4;Positiv;
SHRIEK;H4;;Negativ
SHRILL;H4;;Negativ
SHRIVEL;H4;;Negativ
SHROUD;H4;;Negativ
SHRUG#1;H4Lvd;;Negativ
SHRUG#2;H4Lvd;;Negativ
SHUN;H4;;Negativ
SHYNESS;H4;;Negativ
SICK#1;H4Lvd;;Negativ
SICK#2;H4Lvd;;Negativ
SICK#3;H4Lvd;;Negativ
SICK#4;H4Lvd;;Negativ
SICKLY;H4Lvd;;Negativ
SICKNESS;H4Lvd;;Negativ
SIEGE;H4Lvd;;Negativ
SIGNIFICANCE;H4Lvd;Positiv;
SIGNIFICANT;H4Lvd;Positiv;
SIGNIFY;H4Lvd;Positiv;
SILLY;H4Lvd;;Negativ
SIMPLICITY;H4Lvd;Positiv;
SIMPLIFY#1;H4Lvd;Positiv;
SIMPLIFY#2;H4Lvd;Positiv;
SIMPLISTIC;H4;;Negativ
SIN#1;H4Lvd;;Negativ
SIN#2;H4Lvd;;Negativ
SINCERE;H4Lvd;Positiv;
SINCERITY;H4Lvd;Positiv;
SINFUL;H4;;Negativ
SINISTER;H4Lvd;;Negativ
SKEPTICAL;H4Lvd;;Negativ
SKETCHY;H4;;Negativ
SKILL#1;H4Lvd;Positiv;
SKILL#2;H4Lvd;Positiv;
SKILLFUL;H4Lvd;Positiv;
SKIRMISH;H4;;Negativ
SKULK;H4;;Negativ
SLAM;H4Lvd;;Negativ
SLANDER;H4;;Negativ
SLANDERER;H4Lvd;;Negativ
SLANDEROUS;H4;;Negativ
SLAP;H4;;Negativ
SLASH;H4Lvd;;Negativ
SLAUGHTER;H4;;Negativ
SLAYER;H4Lvd;;Negativ
SLEAZY;H4;;Negativ
SLEEK;H4;Positiv;
SLEEPLESS;H4;;Negativ
SLIGHT#2;H4Lvd;;Negativ
SLIGHT#3;H4Lvd;;Negativ
SLIGHT#4;H4Lvd;;Negativ
SLIGHT#5;H4Lvd;;Negativ
SLIME;H4;;Negativ
SLOPPY;H4;;Negativ
SLOTH;H4;;Negativ
SLOTHFUL;H4;;Negativ
SLUG;H4;;Negativ
SLUGGISH;H4;;Negativ
SLUMP;H4Lvd;;Negativ
SLY;H4Lvd;;Negativ
SMACK;H4;;Negativ
SMART#1;H4Lvd;Positiv;
SMART#2;H4Lvd;Positiv;
SMART#4;H4Lvd;Positiv;
SMASH#1;H4Lvd;;Negativ
SMASH#2;H4Lvd;;Negativ
SMEAR;H4;;Negativ
SMILE#1;H4Lvd;Positiv;
SMILE#2;H4Lvd;Positiv;
SMILE#3;H4Lvd;Positiv;
SMILE#4;H4Lvd;Positiv;
SMITTEN;H4;Positiv;
SMOTHER;H4;;Negativ
SMUGGLE;H4;;Negativ
SNARE;H4;;Negativ
SNARL;H4Lvd;;Negativ
SNATCH;H4Lvd;;Negativ
SNEAK;H4;;Negativ
SNEER;H4;;Negativ
SNORE;H4;;Negativ
SOB;H4;;Negativ
SOBER;H4;Positiv;
SOCIABLE;H4;Positiv;
SOFTNESS;H4;Positiv;
SOLACE;H4;Positiv;
SOLUTION;H4Lvd;Positiv;
SOMBER;H4;;Negativ
SOOTHE;H4;Positiv;
SOPHISTICATED;H4Lvd;Positiv;
SORE;H4;;Negativ
SORENESS;H4;;Negativ
SORROW;H4Lvd;;Negativ
SORROWFUL;H4;;Negativ
SORRY#1;H4Lvd;;Negativ
SORRY#2;H4Lvd;;Negativ
SORT#3;H4Lvd;;Negativ
SOUGHT;H4Lvd;Positiv;
SOUND#4;H4Lvd;Positiv;
SOUND#6;H4Lvd;Positiv;
SOUNDNESS;H4Lvd;Positiv;
SOUR;H4;;Negativ
SPANK;H4;;Negativ
SPARE#2;H4Lvd;Positiv;
SPARKLE;H4;Positiv;
SPEAR#2;H4Lvd;;Negativ
SPECIAL;H4Lvd;Positiv;
SPECTACULAR;H4Lvd;Positiv;
SPEEDILY;H4;Positiv;
SPILL;H4;;Negativ
SPINSTER;H4;;Negativ
SPITE#2;H4Lvd;;Negativ
SPITEFUL;H4;;Negativ
SPLENDID;H4Lvd;Positiv;
SPLENDOR;H4Lvd;Positiv;
SPLIT#3;H4Lvd;;Negativ
SPOIL;H4Lvd;;Negativ
SPOT#5;H4Lvd;;Negativ
SPOTLESS;H4;Positiv;
SPRAIN;H4;;Negativ
SPRIGHTLY;H4;Positiv;
SPUTTER;H4;;Negativ
SQUANDER;H4;;Negativ
SQUARELY;H4;Positiv;
STAB;H4;;Negativ
STABILITY;H4Lvd;Positiv;
STABILIZE;H4Lvd;Positiv;
STABLE;H4Lvd;Positiv;
STAGNANT;H4;;Negativ
STAIN;H4;;Negativ
STALE;H4;;Negativ
STALEMATE;H4;;Negativ
STAMMER;H4;;Negativ
STAMP#2;H4Lvd;;Negativ
STAND#5;H4Lvd;Positiv;
STANDARDIZE;H4;Positiv;
STANDSTILL;H4;;Negativ
STAPLE;H4;Positiv;
STARK;H4Lvd;;Negativ
STARTLE;H4Lvd;;Negativ
STARVATION;H4Lvd;;Negativ
STARVE;H4Lvd;;Negativ
STATELY;H4Lvd;Positiv;
STATIC;H4;;Negativ
STATUESQUE;H4;Positiv;
STAUNCH;H4Lvd;Positiv;
STAUNCHNESS;H4Lvd;Positiv;
STEADFAST;H4Lvd;Positiv;
STEADFASTNESS;H4Lvd;Positiv;
STEADINESS;H4Lvd;Positiv;
STEADY;H4Lvd;Positiv;
STEAL#1;H4Lvd;;Negativ
STEAL#2;H4Lvd;;Negativ
STERN;H4Lvd;;Negativ
STICK#6;H4Lvd;;Negativ
STIFLE;H4Lvd;;Negativ
STIGMA;H4Lvd;;Negativ
STIMULATE;H4;Positiv;
STIMULATION;H4;Positiv;
STING;H4;;Negativ
STINK;H4;;Negativ
STOLE;H4Lvd;;Negativ
STOLEN#1;H4Lvd;;Negativ
STOLEN#2;H4Lvd;;Negativ
STOOD#4;H4Lvd;Positiv;
STORM#2;H4Lvd;;Negativ
STORMY;H4;;Negativ
STRAGGLE;H4;;Negativ
STRAGGLER;H4;;Negativ
STRAIGHT#3;H4Lvd;Positiv;
STRAIGHTFORWARD;H4;Positiv;
STRAIN#1;H4Lvd;;Negativ
STRAIN#2;H4Lvd;;Negativ
STRANGLE;H4;;Negativ
STRAY;H4;;Negativ
STRESS#1;H4Lvd;;Negativ
STRESS#2;H4Lvd;;Negativ
STRICKEN;H4;;Negativ
STRICT#1;H4Lvd;;Negativ
STRICT#2;H4Lvd;;Negativ
STRICT#3;H4Lvd;;Negativ
STRIFE;H4Lvd;;Negativ
STRIKE#1;H4Lvd;;Negativ
STRIKE#5;H4Lvd;;Negativ
STRINGENT;H4;;Negativ
STRUCK#1;H4Lvd;;Negativ
STRUGGLE#1;H4Lvd;;Negativ
STRUGGLE#2;H4Lvd;;Negativ
STRUGGLE#3;H4Lvd;;Negativ
STRUT;H4;Positiv;
STUBBORN;H4Lvd;;Negativ
STUBBORNLY;H4;;Negativ
STUBBORNNESS;H4;;Negativ
STUD;H4;Positiv;
STUDIOUS;H4;Positiv;
STUDY#3;H4Lvd;;Negativ
STUFFY;H4Lvd;;Negativ
STUNT;H4;;Negativ
STUPENDOUS;H4;Positiv;
STUPID#1;H4Lvd;;Negativ
STUPID#2;H4Lvd;;Negativ
STUPID#3;H4Lvd;;Negativ
STUPIDITY;H4Lvd;;Negativ
STUPOR;H4;;Negativ
STURDY;H4Lvd;Positiv;
STYLISH;H4;Positiv;
SUAVE;H4;Positiv;
SUBJECTION;H4;;Negativ
SUBJUGATE;H4;;Negativ
SUBJUGATION;H4Lvd;;Negativ
SUBLIME;H4Lvd;Positiv;
SUBMISSIVE;H4;;Negativ
SUBSCRIBE;H4;Positiv;
SUBSCRIPTION;H4;Positiv;
SUBSERVIENCE;H4;;Negativ
SUBSIDE;H4;;Negativ
SUBSIDIZE;H4;Positiv;
SUBSIDY;H4Lvd;Positiv;
SUBSIST;H4Lvd;Positiv;
SUBSISTENCE;H4;Positiv;
SUBSTANTIATE;H4;Positiv;
SUBSTITUTION;H4;;Negativ
SUBTLE;H4Lvd;Positiv;
SUBTRACT;H4;;Negativ
SUBVERSION;H4Lvd;;Negativ
SUBVERT;H4Lvd;;Negativ
SUCCEED#1;H4Lvd;Positiv;
SUCCESS;H4Lvd;Positiv;
SUCCESSFUL;H4Lvd;Positiv;
SUCCUMB;H4;;Negativ
SUCKER;H4;;Negativ
SUFFER#1;H4Lvd;;Negativ
SUFFER#3;H4Lvd;;Negativ
SUFFERER;H4Lvd;;Negativ
SUFFICE;H4Lvd;Positiv;
SUFFICIENT;H4Lvd;Positiv;
SUFFOCATE;H4;;Negativ
SUIT#3;H4Lvd;Positiv;
SUIT#4;H4Lvd;Positiv;
SUITABLE;H4Lvd;Positiv;
SULLEN;H4;;Negativ
SUMMIT;H4;Positiv;
SUMPTUOUS;H4;Positiv;
SUNDER;H4;;Negativ
SUPER;H4Lvd;Positiv;
SUPERFICIAL;H4Lvd;;Negativ
SUPERFICIALITY;H4;;Negativ
SUPERFLUOUS;H4;;Negativ
SUPERIOR;H4Lvd;Positiv;
SUPERIORITY;H4Lvd;Positiv;
SUPERLATIVE;H4Lvd;Positiv;
SUPERSTITION;H4;;Negativ
SUPERSTITIOUS;H4;;Negativ
SUPPORT#1;H4Lvd;Positiv;
SUPPORT#2;H4Lvd;Positiv;
SUPPORT#3;H4Lvd;Positiv;
SUPPORT#4;H4Lvd;Positiv;
SUPPORTIVE;H4;Positiv;
SUPPRESS;H4Lvd;;Negativ
SUPPRESSION;H4Lvd;;Negativ
SUPREME#1;H4Lvd;Positiv;
SUPREME#2;H4Lvd;Positiv;
SURGE;H4;Positiv;
SURMISE;H4;Positiv;
SURMOUNT;H4Lvd;Positiv;
SURPASS;H4Lvd;Positiv;
SURVIVAL;H4Lvd;Positiv;
SURVIVE;H4Lvd;Positiv;
SURVIVOR;H4;Positiv;
SUSCEPTIBLE;H4;;Negativ
SUSPECT#1;H4Lvd;;Negativ
SUSPECT#2;H4Lvd;;Negativ
SUSPEND;H4;;Negativ
SUSPENSION;H4Lvd;;Negativ
SUSPICION;H4Lvd;;Negativ
SUSPICIOUS;H4Lvd;;Negativ
SWEAR;H4Lvd;;Negativ
SWEET#1;H4Lvd;Positiv;
SWEET#3;H4Lvd;Positiv;
SWEET#4;H4Lvd;Positiv;
SWEET#5;H4Lvd;Positiv;
SWEETEN;H4;Positiv;
SWEETHEART;H4;Positiv;
SWEETNESS;H4;Positiv;
SWIFTNESS;H4;Positiv;
SWOON;H4;Positiv;
SWORE;H4Lvd;;Negativ
SWORN;H4Lvd;Positiv;
SYMBOLIZE;H4;Positiv;
SYMMETRY;H4;Positiv;
SYMPATHETIC;H4Lvd;Positiv;
SYMPATHIZE;H4Lvd;Positiv;
SYMPATHY;H4Lvd;Positiv;
SYMPTOM;H4Lvd;;Negativ
SYNTHESIS;H4;Positiv;
TABOO;H4;;Negativ
TACT;H4;Positiv;
TACTICS;H4;Positiv;
TAINT;H4;;Negativ
TALENT;H4Lvd;Positiv;
TALENTED;H4;Positiv;
TAMPER;H4;;Negativ
TANTRUM;H4;;Negativ
TARDY;H4;;Negativ
TARIFF;H4Lvd;;Negativ
TASTE#2;H4Lvd;Positiv;
TATTER;H4;;Negativ
TAUNT#1;H4Lvd;;Negativ
TAUNT#2;H4Lvd;;Negativ
TAX#2;H4Lvd;;Negativ
TEAR#1;H4Lvd;;Negativ
TEAR#3;H4Lvd;;Negativ
TEASE;H4;;Negativ
TEDIOUS;H4Lvd;;Negativ
TEMPER#1;H4Lvd;;Negativ
TEMPER#2;H4Lvd;;Negativ
TEMPERANCE;H4;Positiv;
TEMPERATE;H4;Positiv;
TEMPEST;H4;;Negativ
TEMPORARILY;H4;;Negativ
TEMPT;H4;Positiv;
TEMPTATION;H4Lvd;;Negativ
TENACIOUS;H4;Positiv;
TENACITY;H4;Positiv;
TENDERNESS;H4Lvd;Positiv;
TENSE;H4;;Negativ
TENSION;H4Lvd;;Negativ
TERRIBLE;H4Lvd;;Negativ
TERRIFIC;H4Lvd;Positiv;
TERRIFY;H4Lvd;;Negativ
TERROR;H4Lvd;;Negativ
TERRORISM;H4Lvd;;Negativ
TERRORIZE;H4;;Negativ
THANK#1;H4Lvd;Positiv;
THANK#2;H4Lvd;Positiv;
THANK#3;H4Lvd;Positiv;
THANKFUL;H4;Positiv;
THEFT;H4Lvd;;Negativ
THERAPEUTIC;H4;Positiv;
THIEF;H4Lvd;;Negativ
THIRST;H4;;Negativ
THIRSTY;H4;;Negativ
THORNY;H4;;Negativ
THOROUGH;H4Lvd;Positiv;
THOUGHTFUL;H4Lvd;Positiv;
THOUGHTFULNESS;H4;Positiv;
THOUGHTLESS;H4;;Negativ
THRASH;H4;;Negativ
THREAT;H4Lvd;;Negativ
THREATEN;H4Lvd;;Negativ
THRIFT;H4;Positiv;
THRIFTY;H4;Positiv;
THRILL;H4Lvd;Positiv;
THRIVE;H4;Positiv;
THROW#2;H4Lvd;;Negativ
THROW#3;H4Lvd;;Negativ
THUD;H4;;Negativ
THWART;H4Lvd;;Negativ
TIMIDITY;H4;;Negativ
TINGLE#1;H4Lvd;Positiv;
TIRE#2;H4Lvd;;Negativ
TIRE#3;H4Lvd;;Negativ
TIRE#4;H4Lvd;;Negativ
TIRED#1;H4Lvd;;Negativ
TIRED#2;H4Lvd;;Negativ
TIRED#3;H4Lvd;;Negativ
TIRED#4;H4Lvd;;Negativ
TIRESOME;H4;;Negativ
TOGETHERNESS;H4;Positiv;
TOIL;H4Lvd;;Negativ
TOLERABLE;H4;;Negativ
TOLERANCE;H4Lvd;Positiv;
TOLERANT;H4Lvd;Positiv;
TOLERATE;H4Lvd;Positiv;
TOLERATION;H4Lvd;Positiv;
TOO#3;H4Lvd;;Negativ
TOPMOST;H4;Positiv;
TOPPLE;H4;;Negativ
TORMENT;H4;;Negativ
TORRENT;H4;;Negativ
TORTUROUS;H4;;Negativ
TOUCHY;H4;;Negativ
TRADITION;H4Lvd;Positiv;
TRADITIONAL;H4Lvd;Positiv;
TRAGEDY;H4Lvd;;Negativ
TRAGIC;H4Lvd;;Negativ
TRAIN#4;H4Lvd;Positiv;
TRAITOR;H4;;Negativ
TRAMP;H4;;Negativ
TRAMPLE;H4;;Negativ
TRANQUIL;H4Lvd;Positiv;
TRANQUILITY;H4;Positiv;
TRANSGRESS;H4;;Negativ
TRAP#1;H4Lvd;;Negativ
TRAP#2;H4Lvd;;Negativ
TRAUMA;H4Lvd;;Negativ
TRAUMATIC;H4Lvd;;Negativ
TRAVEL#4;H4Lvd;Positiv;
TREACHEROUS;H4Lvd;;Negativ
TREACHERY;H4;;Negativ
TREASON;H4Lvd;;Negativ
TREASONOUS;H4;;Negativ
TREASURE#1;H4Lvd;Positiv;
TREASURE#2;H4Lvd;Positiv;
TREAT#2;H4Lvd;Positiv;
TREATISE;H4;Positiv;
TREATY;H4Lvd;Positiv;
TREMENDOUS#1;H4Lvd;Positiv;
TREMENDOUS#2;H4Lvd;Positiv;
TRESPASS;H4;;Negativ
TRIBUTE;H4Lvd;Positiv;
TRICK#1;H4Lvd;;Negativ
TRICK#2;H4Lvd;;Negativ
TRIUMPH#1;H4Lvd;Positiv;
TRIUMPH#2;H4Lvd;Positiv;
TRIUMPHAL;H4;Positiv;
TRIUMPHANT;H4Lvd;Positiv;
TRIVIAL;H4;;Negativ
TROPHY;H4;Positiv;
TROUBLE#1;H4Lvd;;Negativ
TROUBLE#2;H4Lvd;;Negativ
TROUBLE#3;H4Lvd;;Negativ
TROUBLE#4;H4Lvd;;Negativ
TROUBLESOME;H4Lvd;;Negativ
TRUANT;H4;;Negativ
TRUDGE;H4;;Negativ
TRUE#1;H4Lvd;Positiv;
TRUE#2;H4Lvd;Positiv;
TRUE#3;H4Lvd;Positiv;
TRUE#4;H4Lvd;Positiv;
TRUE#5;H4Lvd;Positiv;
TRUST#1;H4Lvd;Positiv;
TRUST#2;H4Lvd;Positiv;
TRUST#3;H4Lvd;Positiv;
TRUST#4;H4Lvd;Positiv;
TRUST#6;H4Lvd;Positiv;
TRUST#7;H4Lvd;Positiv;
TRUSTWORTHINESS;H4;Positiv;
TRUSTWORTHY;H4Lvd;Positiv;
TRUTH;H4Lvd;Positiv;
TRUTHFUL;H4Lvd;Positiv;
TRY#4;H4;;Negativ
TRY#5;H4;;Negativ
TURBULENT;H4;;Negativ
TURMOIL;H4Lvd;;Negativ
TURN#5;H4Lvd;;Negativ
TURN#8;H4Lvd;;Negativ
TWITCH;H4;;Negativ
TYRANNY;H4Lvd;;Negativ
UGLY;H4Lvd;;Negativ
ULTIMATUM;H4;;Negativ
UNACCUSTOMED;H4;;Negativ
UNARM;H4;;Negativ
UNATTRACTIVE;H4Lvd;;Negativ
UNAUTHENTIC;H4Lvd;;Negativ
UNAVOIDABLE;H4Lvd;;Negativ
UNBEARABLE;H4;;Negativ
UNBELIEVABLE;H4Lvd;;Negativ
UNBOUND;H4;Positiv;
UNBROKEN;H4;Positiv;
UNCIVIL;H4;;Negativ
UNCLEAN;H4;;Negativ
UNCLEAR;H4Lvd;;Negativ
UNCOMFORTABLE;H4Lvd;;Negativ
UNCOMMON;H4Lvd;Positiv;
UNCOUTH;H4;;Negativ
UNDEPENDABILITY;H4Lvd;;Negativ
UNDEPENDABLE;H4Lvd;;Negativ
UNDERMINE;H4Lvd;;Negativ
UNDERSTAND#1;H4Lvd;Positiv;
UNDERSTAND#2;H4Lvd;Positiv;
UNDERSTANDABLE;H4Lvd;Positiv;
UNDERSTOOD;H4Lvd;Positiv;
UNDERWORLD;H4;;Negativ
UNDESIRABLE;H4;;Negativ
UNDID;H4Lvd;;Negativ
UNDIGNIFIED;H4;;Negativ
UNDO;H4Lvd;;Negativ
UNDONE;H4Lvd;;Negativ
UNDOUBTED;H4Lvd;Positiv;
UNDOUBTEDLY;H4;Positiv;
UNDUE;H4Lvd;;Negativ
UNEASINESS;H4Lvd;;Negativ
UNEASY;H4Lvd;;Negativ
UNECONOMICAL;H4;;Negativ
UNEMPLOYED;H4Lvd;;Negativ
UNEQUAL;H4Lvd;;Negativ
UNEVEN;H4Lvd;;Negativ
UNEXPECTEDLY;H4;;Negativ
UNFAIR;H4Lvd;;Negativ
UNFAITHFUL;H4;;Negativ
UNFAMILIAR;H4;;Negativ
UNFAVORABLE;H4Lvd;;Negativ
UNFEELING;H4;;Negativ
UNFIT;H4Lvd;;Negativ
UNFORESEEN;H4;;Negativ
UNFORGETTABLE;H4;Positiv;
UNFORTUNATE#1;H4Lvd;;Negativ
UNFORTUNATE#2;H4Lvd;;Negativ
UNFORTUNATE#3;H4Lvd;;Negativ
UNFRIENDLY;H4;;Negativ
UNGRATEFUL;H4Lvd;;Negativ
UNGUARDED;H4;;Negativ
UNHAPPINESS;H4Lvd;;Negativ
UNHAPPY;H4Lvd;;Negativ
UNHEALTHY;H4;;Negativ
UNHURRIED;H4;Positiv;
UNIMPEACHABLE;H4;Positiv;
UNIMPORTANT;H4Lvd;;Negativ
UNINFORMED;H4;;Negativ
UNIQUE;H4Lvd;Positiv;
UNITY;H4Lvd;Positiv;
UNJUST;H4Lvd;;Negativ
UNJUSTIFIED;H4Lvd;;Negativ
UNKIND;H4;;Negativ
UNLAWFUL;H4;;Negativ
UNLIMITED;H4Lvd;Positiv;
UNLUCKY;H4Lvd;;Negativ
UNMOVED;H4;;Negativ
UNNATURAL;H4Lvd;;Negativ
UNNECESSARY;H4Lvd;;Negativ
UNNERVE;H4;;Negativ
UNNOTICED;H4;;Negativ
UNOBSERVED;H4;;Negativ
UNPLEASANT;H4Lvd;;Negativ
UNPOPULAR;H4;;Negativ
UNPROFITABLE;H4;;Negativ
UNQUALIFIED;H4Lvd;;Negativ
UNREASONABLE;H4Lvd;;Negativ
UNRELIABILITY;H4Lvd;;Negativ
UNRELIABLE;H4Lvd;;Negativ
UNREST;H4;;Negativ
UNRULY;H4;;Negativ
UNSAFE;H4;;Negativ
UNSATISFACTORY;H4Lvd;;Negativ
UNSCRUPULOUS;H4;;Negativ
UNSEEN;H4;;Negativ
UNSELFISH;H4;Positiv;
UNSETTLING;H4;;Negativ
UNSOUND;H4Lvd;;Negativ
UNSPEAKABLE;H4Lvd;;Negativ
UNSTABLE;H4Lvd;;Negativ
UNSTEADINESS;H4Lvd;;Negativ
UNSTEADY;H4Lvd;;Negativ
UNSUCCESSFUL;H4Lvd;;Negativ
UNTIMELY;H4;;Negativ
UNTOUCHED;H4;Positiv;
UNTRAINED;H4;;Negativ
UNTRUE;H4Lvd;;Negativ
UNTRUSTWORTHY;H4Lvd;;Negativ
UNTRUTH;H4;;Negativ
UNWILLING;H4Lvd;;Negativ
UNWILLINGNESS;H4Lvd;;Negativ
UNWISE;H4Lvd;;Negativ
UNWORTHY;H4Lvd;;Negativ
UPBEAT;H4;Positiv;
UPFRONT;H4;Positiv;
UPGRADE;H4;Positiv;
UPHEAVAL;H4;;Negativ
UPHELD;Lvd;Positiv;
UPHOLD;Lvd;Positiv;
UPLIFT;H4;Positiv;
UPPERMOST;H4Lvd;Positiv;
UPRIGHT;H4Lvd;Positiv;
UPRISING;H4;;Negativ
UPROAR;H4;;Negativ
UPROOT;H4;;Negativ
UPSET#1;H4Lvd;;Negativ
UPSET#2;H4Lvd;;Negativ
UPSET#3;H4Lvd;;Negativ
UPSET#4;H4Lvd;;Negativ
UPSET#5;H4Lvd;;Negativ
UPSIDE;H4;Positiv;
UPWARD;H4Lvd;Positiv;
USABLE;H4Lvd;Positiv;
USEFUL;H4Lvd;Positiv;
USEFULNESS;H4;Positiv;
USELESS;H4Lvd;;Negativ
USURP;H4Lvd;;Negativ
UTILITARIAN;H4;Positiv;
UTILIZATION;H4;Positiv;
UTILIZE;H4Lvd;Positiv;
UTTERANCE;H4;;Negativ
UTTERMOST;H4;Positiv;
VAGABOND;H4;;Negativ
VAGRANT;H4;;Negativ
VAGUE;H4Lvd;;Negativ
VAGUENESS;H4Lvd;;Negativ
VAIN;H4Lvd;;Negativ
VALIANT;H4;Positiv;
VALID;H4Lvd;Positiv;
VALIDITY;H4Lvd;Positiv;
VALOR;H4Lvd;Positiv;
VALUABLE;H4Lvd;Positiv;
VALUE#2;H4Lvd;Positiv;
VALUE#3;H4Lvd;Positiv;
VANISH;H4Lvd;;Negativ
VANITY;H4;;Negativ
VANQUISH;H4;Positiv;
VASTNESS;H4;Positiv;
VEHEMENT;H4;;Negativ
VENERABLE;H4;Positiv;
VENERATE;H4;Positiv;
VENGEANCE;H4Lvd;;Negativ
VENOM;H4;;Negativ
VENOMOUS;H4;;Negativ
VERIFICATION;H4Lvd;Positiv;
VERIFY;H4Lvd;Positiv;
VERITABLE;H4;Positiv;
VERSATILE;H4;Positiv;
VERSATILITY;H4;Positiv;
VETO;H4;;Negativ
VEX;H4;;Negativ
VEXATION;H4;;Negativ
VEXING;H4;;Negativ
VIABILITY;H4;Positiv;
VIABLE;H4Lvd;Positiv;
VICE#1;H4Lvd;;Negativ
VICIOUS;H4Lvd;;Negativ
VICTORIOUS;H4;Positiv;
VIE;H4;;Negativ
VIGILANCE;H4Lvd;Positiv;
VIGILANT;H4;Positiv;
VILE;H4Lvd;;Negativ
VILLAIN;H4;;Negativ
VIOLATE;H4Lvd;;Negativ
VIOLATION;H4Lvd;;Negativ
VIOLENCE;H4Lvd;;Negativ
VIOLENT;H4Lvd;;Negativ
VIPER;H4;;Negativ
VIRTUE;H4Lvd;Positiv;
VIRTUOUS;H4Lvd;Positiv;
VISIONARY;H4;Positiv;
VISUALIZATION;H4;Positiv;
VITALITY;H4Lvd;Positiv;
VIVACIOUS;H4;Positiv;
VIVID;H4Lvd;Positiv;
VOID;H4;;Negativ
VOLATILE;H4;;Negativ
VOLATILITY;H4;;Negativ
VOLUNTARY;H4Lvd;Positiv;
VOMIT;H4;;Negativ
VOUCHSAFE;H4;Positiv;
VULGAR;H4Lvd;;Negativ
WAIL;H4;;Negativ
WAIT#4;H4Lvd;;Negativ
WALLOW;H4;;Negativ
WANE;H4;;Negativ
WANTON;H4Lvd;;Negativ
WAR;H4Lvd;;Negativ
WARFARE;H4Lvd;;Negativ
WARLIKE;H4;;Negativ
WARM#1;H4Lvd;Positiv;
WARM#2;H4Lvd;Positiv;
WARM#3;H4Lvd;Positiv;
WARM#4;H4Lvd;Positiv;
WARM#5;H4Lvd;Positiv;
WARMHEARTED;H4;Positiv;
WARMTH;H4Lvd;Positiv;
WARP;H4;;Negativ
WARY;H4Lvd;;Negativ
WASTE#1;H4Lvd;;Negativ
WASTE#2;H4Lvd;;Negativ
WASTEFUL;H4;;Negativ
WASTEFULNESS;H4;;Negativ
WAYWARD;H4;;Negativ
WEAKEN;H4Lvd;;Negativ
WEAR#2;H4Lvd;;Negativ
WEARINESS;H4;;Negativ
WEARISOME;H4;;Negativ
WEE;H4;;Negativ
WEED;H4;;Negativ
WEEP;H4Lvd;;Negativ
WEIRD;H4;;Negativ
WELCOME#1;H4Lvd;Positiv;
WELCOME#2;H4Lvd;Positiv;
WELCOME#3;H4Lvd;Positiv;
WELCOME#5;H4Lvd;Positiv;
WELFARE#1;H4Lvd;Positiv;
WELL#2;H4Lvd;Positiv;
WELL#4;H4Lvd;Positiv;
WENCH;H4;;Negativ
WHACK;H4;;Negativ
WHIMPER;H4;;Negativ
WHIMSICAL;H4;Positiv;
WHINE;H4Lvd;;Negativ
WHIP#1;H4Lvd;;Negativ
WHIP#2;H4Lvd;;Negativ
WHIP#3;H4Lvd;;Negativ
WHOLESOME;H4;Positiv;
WICKED;H4Lvd;;Negativ
WICKEDNESS;H4;;Negativ
WILD#1;H4Lvd;;Negativ
WILD#2;H4Lvd;;Negativ
WILD#3;H4Lvd;;Negativ
WILD#4;H4Lvd;;Negativ
WILLFUL;H4;Positiv;
WILLING;H4Lvd;Positiv;
WILLINGNESS;H4Lvd;Positiv;
WILT;H4;;Negativ
WILY;H4;;Negativ
WINCE;H4;;Negativ
WISDOM;H4Lvd;Positiv;
WISE#1;H4Lvd;Positiv;
WISE#2;H4Lvd;Positiv;
WISE#3;H4Lvd;Positiv;
WISE#4;H4Lvd;Positiv;
WISE#5;H4Lvd;Positiv;
WITCHCRAFT;H4;;Negativ
WITHHELD;H4Lvd;;Negativ
WITHHOLD;H4Lvd;;Negativ
WITTY;H4;Positiv;
WOE;H4;;Negativ
WOEFUL;H4;;Negativ
WONDER#1;H4Lvd;Positiv;
WONDERFUL;H4Lvd;Positiv;
WONDROUS;H4;Positiv;
WOO;H4;Positiv;
WORKABLE;H4Lvd;Positiv;
WORKMANSHIP;H4;Positiv;
WORLD-FAMOUS;H4Lvd;Positiv;
WORN#2;H4Lvd;;Negativ
WORN#3;H4Lvd;;Negativ
WORRIER;H4Lvd;;Negativ
WORRY#1;H4Lvd;;Negativ
WORRY#2;H4Lvd;;Negativ
WORRY#3;H4Lvd;;Negativ
WORRY#4;H4Lvd;;Negativ
WORRY#5;H4Lvd;;Negativ
WORSE;H4Lvd;;Negativ
WORSEN;H4;;Negativ
WORST;H4Lvd;;Negativ
WORTH#1;H4Lvd;Positiv;
WORTH#2;H4Lvd;Positiv;
WORTH#3;H4Lvd;Positiv;
WORTH#4;H4Lvd;Positiv;
WORTH-WHILE;H4;Positiv;
WORTHINESS;H4Lvd;Positiv;
WORTHLESS;H4Lvd;;Negativ
WORTHY;H4Lvd;Positiv;
WOUND#1;H4Lvd;;Negativ
WOUND#3;H4Lvd;;Negativ
WOUND#5;H4Lvd;;Negativ
WRATH;H4;;Negativ
WRECK;H4;;Negativ
WRESTLE;H4;;Negativ
WRETCH;H4;;Negativ
WRETCHEDNESS;H4;;Negativ
WRINKLE;H4;;Negativ
WRITHE;H4;;Negativ
WRONG#2;H4Lvd;;Negativ
WRONG#3;H4Lvd;;Negativ
WRONGFUL;H4;;Negativ
WROUGHT;H4;;Negativ
YAWN;H4;;Negativ
YEARN;H4;;Negativ
YELP;H4;;Negativ
ZENITH;H4;Positiv;
ZEST;H4;Positiv;
